year,pdf_link,titulo,epigrafe
2008,https://www.concejodebarranquilla.gov.co/wp-content/uploads/2020/02/ACUERDO-001-DE-2008-04052021092620.pdf,ACUERDO Nº 001,
2008,https://www.concejodebarranquilla.gov.co/wp-content/uploads/2020/02/ACUERDO-002-DE-2008-04052021092739.pdf,ACUERDO Nº 002,
2008,https://www.concejodebarranquilla.gov.co/wp-content/uploads/2020/02/ACUERDO-003-DE-2008-04052021092926.pdf,ACUERDO Nº 003,
2008,https://www.concejodebarranquilla.gov.co/wp-content/uploads/2020/02/ACUERDO-004-DE-2008-04052021093201.pdf,ACUERDO Nº 004,
2008,https://www.concejodebarranquilla.gov.co/wp-content/uploads/2022/10/acu-5-2008-10042022112217.pdf,ACUERDO Nº 005,
2008,https://www.concejodebarranquilla.gov.co/wp-content/uploads/2020/02/ACUERDO-006-DE-2008-04052021093413.pdf,ACUERDO Nº 006,
2008,https://www.concejodebarranquilla.gov.co/wp-content/uploads/2020/02/ACUERDO-007-DE-2008-04052021093453.pdf,ACUERDO Nº 007,
2008,https://www.concejodebarranquilla.gov.co/wp-content/uploads/2020/02/ACUERDO-008-DE-2008-04052021093517.pdf,ACUERDO Nº 008,
2008,https://www.concejodebarranquilla.gov.co/wp-content/uploads/2020/02/ACUERDO-009-DE-2008-04052021093629.pdf,ACUERDO Nº 009,
2008,https://www.concejodebarranquilla.gov.co/wp-content/uploads/2020/02/ACUERDO-0010-DE-2008-04052021093903.pdf,ACUERDO Nº 010,
2008,https://www.concejodebarranquilla.gov.co/wp-content/uploads/2020/02/ACUERDO-0011-DE-2008-04052021093954.pdf,ACUERDO Nº 011,
2008,https://www.concejodebarranquilla.gov.co/wp-content/uploads/2020/02/ACUERDO-0012-DE-2008-04052021094029.pdf,ACUERDO Nº 012,
2008,https://www.concejodebarranquilla.gov.co/wp-content/uploads/2020/02/ACUERDO-0013-DE-2008-04052021094056.pdf,ACUERDO Nº 013,
2008,https://www.concejodebarranquilla.gov.co/wp-content/uploads/2020/02/ACUERDO-0014-DE-2008-04052021094125.pdf,ACUERDO Nº 014,
2008,https://www.concejodebarranquilla.gov.co/wp-content/uploads/2020/02/ACUERDO-0015-DE-2008-04052021094155.pdf,ACUERDO Nº 015,
2008,https://www.concejodebarranquilla.gov.co/wp-content/uploads/2020/02/ACUERDO-0016-DE-2008-04052021094235.pdf,ACUERDO Nº 016,
2008,https://www.concejodebarranquilla.gov.co/wp-content/uploads/2020/02/ACUERDO-0017-DE-2008-04052021094259.pdf,ACUERDO Nº 017,
2008,https://www.concejodebarranquilla.gov.co/wp-content/uploads/2020/02/ACUERDO-0018-DE-2008-04052021094335.pdf,ACUERDO Nº 018,
2008,https://www.concejodebarranquilla.gov.co/wp-content/uploads/2020/02/ACUERDO-0019-DE-2008-04052021094416.pdf,ACUERDO Nº 019,
2008,https://www.concejodebarranquilla.gov.co/wp-content/uploads/2020/02/ACUERDO-0020-DE-2008-04052021094522.pdf,ACUERDO Nº 020,
2008,https://www.concejodebarranquilla.gov.co/wp-content/uploads/2020/02/ACUERDO-0021-DE-2008-04052021094552.pdf,ACUERDO Nº 021,
2008,https://www.concejodebarranquilla.gov.co/wp-content/uploads/2020/02/ACUERDO-0022-DE-2008-04052021094631.pdf,ACUERDO Nº 022,
2008,https://www.concejodebarranquilla.gov.co/wp-content/uploads/2020/02/ACUERDO-0023-DE-2008-04052021100651.pdf,ACUERDO Nº 023,
2008,https://www.concejodebarranquilla.gov.co/wp-content/uploads/2020/02/ACUERDO-0024-DE-2008-04052021100712.pdf,ACUERDO Nº 024,
2008,https://www.concejodebarranquilla.gov.co/wp-content/uploads/2020/02/ACUERDO-0025-DE-2008-04052021100742.pdf,ACUERDO Nº 025,
2008,https://www.concejodebarranquilla.gov.co/wp-content/uploads/2020/02/ACUERDO-0026-DE-2008-04052021100806.pdf,ACUERDO Nº 026,
2008,https://www.concejodebarranquilla.gov.co/wp-content/uploads/2020/02/ACUERDO-0027-DE-2008-04052021101132.pdf,ACUERDO Nº 027,
2008,https://www.concejodebarranquilla.gov.co/wp-content/uploads/2020/02/ACUERDO-0028-DE-2008-04052021101513.pdf,ACUERDO Nº 028,
2008,https://www.concejodebarranquilla.gov.co/wp-content/uploads/2020/02/ACUERDO-0029-DE-2008-04052021101614.pdf,ACUERDO Nº 029,
2008,https://www.concejodebarranquilla.gov.co/wp-content/uploads/2020/02/ACUERDO-0030-DE-2008-04052021101715.pdf,ACUERDO Nº 030,
2008,https://www.concejodebarranquilla.gov.co/wp-content/uploads/2020/02/ACUERDO-0031-DE-2008-04052021102010.pdf,ACUERDO Nº 031,
2008,https://www.concejodebarranquilla.gov.co/wp-content/uploads/2020/02/ACUERDO-0032-DE-2008-04052021102055.pdf,ACUERDO Nº 032,
2008,https://www.concejodebarranquilla.gov.co/wp-content/uploads/2020/02/ACUERDO-0033-DE-2008-04052021102122.pdf,ACUERDO Nº 033,
2009,https://www.concejodebarranquilla.gov.co/wp-content/uploads/2020/02/ACUERDO-001-DE-2009-04052021102529.pdf,ACUERDO Nº 001,
2009,https://www.concejodebarranquilla.gov.co/wp-content/uploads/2020/02/ACUERDO-002-DE-2009-04052021102611.pdf,ACUERDO Nº 002,
2009,https://www.concejodebarranquilla.gov.co/wp-content/uploads/2020/02/ACUERDO-003-DE-2009-04052021102643.pdf,ACUERDO Nº 003,
2009,https://www.concejodebarranquilla.gov.co/wp-content/uploads/2020/02/ACUERDO-004-DE-2009-04052021102720.pdf,ACUERDO Nº 004,
2009,https://www.concejodebarranquilla.gov.co/wp-content/uploads/2020/02/ACUERDO-005-DE-2009-04052021102801.pdf,ACUERDO Nº 005,
2009,https://www.concejodebarranquilla.gov.co/wp-content/uploads/2020/02/ACUERDO-006-DE-2009-04052021102824.pdf,ACUERDO Nº 006,
2009,https://www.concejodebarranquilla.gov.co/wp-content/uploads/2020/02/ACUERDO-007-DE-2009-04052021102911.pdf,ACUERDO Nº 007,
2009,https://www.concejodebarranquilla.gov.co/wp-content/uploads/2020/02/ACUERDO-008-DE-2009-04052021102950.pdf,ACUERDO Nº 008,
2009,https://www.concejodebarranquilla.gov.co/wp-content/uploads/2020/02/ACUERDO-009-DE-2009-04052021103023.pdf,ACUERDO Nº 009,
2009,https://www.concejodebarranquilla.gov.co/wp-content/uploads/2020/02/ACUERDO-010-DE-2009-04052021103208.pdf,ACUERDO Nº 010,
2009,https://www.concejodebarranquilla.gov.co/wp-content/uploads/2020/02/ACUERDO-011-DE-2009-04052021104236.pdf,ACUERDO Nº 011,
2009,https://www.concejodebarranquilla.gov.co/wp-content/uploads/2020/02/ACUERDO-012-DE-2009-04052021104314.pdf,ACUERDO Nº 012,
2009,https://www.concejodebarranquilla.gov.co/wp-content/uploads/2020/02/ACUERDO-013-DE-2009-04052021104406.pdf,ACUERDO Nº 013,
2009,https://www.concejodebarranquilla.gov.co/wp-content/uploads/2020/02/ACUERDO-015-DE-2009-04052021104535.pdf,ACUERDO Nº 015,
2010,https://www.concejodebarranquilla.gov.co/wp-content/uploads/2020/02/ACUERDO-001-DE-2010-04052021104734.pdf,ACUERDO Nº 001,
2010,https://www.concejodebarranquilla.gov.co/wp-content/uploads/2020/02/ACUERDO-002-DE-2010-04052021104807.pdf,ACUERDO Nº 002,
2010,https://www.concejodebarranquilla.gov.co/wp-content/uploads/2020/02/ACUERDO-003-DE-2010-04052021104832.pdf,ACUERDO Nº 003,
2010,https://www.concejodebarranquilla.gov.co/wp-content/uploads/2020/02/ACUERDO-004-DE-2010-04052021104903.pdf,ACUERDO Nº 004,
2010,https://www.concejodebarranquilla.gov.co/wp-content/uploads/2020/02/ACUERDO-005-DE-2010-04052021104926.pdf,ACUERDO Nº 005,
2010,https://www.concejodebarranquilla.gov.co/wp-content/uploads/2022/04/007-2010-04012022094406.pdf,ACUERDO Nº 007,
2010,https://www.concejodebarranquilla.gov.co/wp-content/uploads/2022/04/006-2010-04012022094215-1.pdf,ACUERDO Nº 006,
2010,https://www.concejodebarranquilla.gov.co/wp-content/uploads/2022/04/009-2010-04012022094858.pdf,ACUERDO Nº 009,
2010,https://www.concejodebarranquilla.gov.co/wp-content/uploads/2022/04/010-2010-04012022094957.pdf,ACUERDO Nº 010,
2010,https://www.concejodebarranquilla.gov.co/wp-content/uploads/2022/04/011-2010-04012022095041.pdf,ACUERDO Nº 011,
2010,https://www.concejodebarranquilla.gov.co/wp-content/uploads/2022/04/012-2010-04012022095123.pdf,ACUERDO Nº 012,
2010,https://www.concejodebarranquilla.gov.co/wp-content/uploads/2022/04/013-2010-04012022095205.pdf,ACUERDO Nº 013,
2010,https://www.concejodebarranquilla.gov.co/wp-content/uploads/2022/04/014-2010-04012022095248.pdf,ACUERDO Nº 014,
2010,https://www.concejodebarranquilla.gov.co/wp-content/uploads/2022/04/015-2010-04012022095331.pdf,ACUERDO Nº 015,
2010,https://www.concejodebarranquilla.gov.co/wp-content/uploads/2022/04/016-2010-04012022095416.pdf,ACUERDO Nº 016,
2010,https://www.concejodebarranquilla.gov.co/wp-content/uploads/2022/04/017-2010-04012022095457.pdf,ACUERDO Nº 017,
2010,https://www.concejodebarranquilla.gov.co/wp-content/uploads/2022/04/018-2010-04012022095532.pdf,ACUERDO Nº 018,
2010,https://www.concejodebarranquilla.gov.co/wp-content/uploads/2022/04/019-2010-04012022095627.pdf,ACUERDO Nº 019,
2010,https://www.concejodebarranquilla.gov.co/wp-content/uploads/2022/04/020-2010-04012022095740.pdf,ACUERDO Nº 020,
2010,https://www.concejodebarranquilla.gov.co/wp-content/uploads/2022/04/022-2010-04012022095830.pdf,ACUERDO Nº 022,
2011,https://www.concejodebarranquilla.gov.co/wp-content/uploads/2020/02/ACUERDO-0001-11.pdf,ACUERDO Nº 001,
2011,https://www.concejodebarranquilla.gov.co/wp-content/uploads/2020/02/ACUERDO-0002-11.pdf,ACUERDO Nº 002,
2011,https://www.concejodebarranquilla.gov.co/wp-content/uploads/2020/02/ACUERDO-0003-11.pdf,ACUERDO Nº 003,
2011,https://www.concejodebarranquilla.gov.co/wp-content/uploads/2020/02/ACUERDO-0004-11.pdf,ACUERDO Nº 004,
2011,https://www.concejodebarranquilla.gov.co/wp-content/uploads/2020/02/ACUERDO-0005-11.pdf,ACUERDO Nº 005,
2011,https://www.concejodebarranquilla.gov.co/wp-content/uploads/2020/02/ACUERDO-0006-11.pdf,ACUERDO Nº 006,
2011,https://www.concejodebarranquilla.gov.co/wp-content/uploads/2020/02/ACUERDO-0007-11.pdf,ACUERDO Nº 007,
2011,https://www.concejodebarranquilla.gov.co/wp-content/uploads/2020/02/ACUERDO-008-11.pdf,ACUERDO Nº 008,
2011,https://www.concejodebarranquilla.gov.co/wp-content/uploads/2020/02/ACUERDO-00010-11.pdf,ACUERDO Nº 010,
2011,https://www.concejodebarranquilla.gov.co/wp-content/uploads/2020/02/ACUERDO-0011-11.pdf,ACUERDO Nº 011,
2011,https://www.concejodebarranquilla.gov.co/wp-content/uploads/2020/02/ACUERDO-0012-11.pdf,ACUERDO Nº 012,
2011,https://www.concejodebarranquilla.gov.co/wp-content/uploads/2020/02/ACUERDO-00013-11.pdf,ACUERDO Nº 013,
2012,https://www.concejodebarranquilla.gov.co/download/8059/,ACUERDO Nº 001,
2012,https://www.concejodebarranquilla.gov.co/wp-content/uploads/2022/02/3-02142022091900.pdf,ACUERDO Nº 003,
2012,https://www.concejodebarranquilla.gov.co/wp-content/uploads/2022/02/4-02142022092002.pdf,ACUERDO Nº 004,
2012,https://www.concejodebarranquilla.gov.co/wp-content/uploads/2022/02/5-02142022092047.pdf,ACUERDO Nº 005,
2012,https://www.concejodebarranquilla.gov.co/wp-content/uploads/2022/02/6-02142022092134.pdf,ACUERDO Nº 006,
2012,https://www.concejodebarranquilla.gov.co/wp-content/uploads/2022/02/7-02142022092240.pdf,ACUERDO Nº 007,
2012,https://www.concejodebarranquilla.gov.co/wp-content/uploads/2022/02/8.pdf,ACUERDO Nº 008,
2012,https://www.concejodebarranquilla.gov.co/wp-content/uploads/2022/02/9.pdf,ACUERDO Nº 009,
2012,https://www.concejodebarranquilla.gov.co/wp-content/uploads/2022/02/10.pdf,ACUERDO Nº 010,
2012,https://www.concejodebarranquilla.gov.co/wp-content/uploads/2022/02/11.pdf,ACUERDO Nº 011,
2012,https://www.concejodebarranquilla.gov.co/wp-content/uploads/2022/02/12.pdf,ACUERDO Nº 012,
2012,https://www.concejodebarranquilla.gov.co/wp-content/uploads/2022/02/13-02142022093859.pdf,ACUERDO Nº 013,
2013,https://www.concejodebarranquilla.gov.co/wp-content/uploads/2022/02/1-02142022081453.pdf,ACUERDO Nº 001,
2013,https://www.concejodebarranquilla.gov.co/wp-content/uploads/2022/04/002-2013-04012022090011-1.pdf,ACUERDO Nº 002,
2013,https://www.concejodebarranquilla.gov.co/wp-content/uploads/2022/02/3-02142022081928.pdf,ACUERDO Nº 003,
2013,https://www.concejodebarranquilla.gov.co/wp-content/uploads/2022/02/4-02142022082024.pdf,ACUERDO Nº 004,
2013,https://www.concejodebarranquilla.gov.co/wp-content/uploads/2022/02/5-02142022082127.pdf,ACUERDO Nº 005,
2013,https://www.concejodebarranquilla.gov.co/wp-content/uploads/2022/02/6-02142022082222.pdf,ACUERDO Nº 006,
2013,https://www.concejodebarranquilla.gov.co/wp-content/uploads/2022/02/7-02142022082341.pdf,ACUERDO Nº 007,
2013,https://www.concejodebarranquilla.gov.co/wp-content/uploads/2022/02/8-02142022082422.pdf,ACUERDO Nº 008,
2013,https://www.concejodebarranquilla.gov.co/wp-content/uploads/2022/02/9-02142022082526.pdf,ACUERDO Nº 009,
2013,https://www.concejodebarranquilla.gov.co/wp-content/uploads/2022/02/10-02142022082558.pdf,ACUERDO Nº 010,
2013,https://www.concejodebarranquilla.gov.co/wp-content/uploads/2022/02/11-02142022082648.pdf,ACUERDO Nº 011,
2013,https://www.concejodebarranquilla.gov.co/wp-content/uploads/2022/02/12-02142022082746.pdf,ACUERDO Nº 012,
2013,https://www.concejodebarranquilla.gov.co/wp-content/uploads/2022/02/13-02142022082925.pdf,ACUERDO Nº 013,
2013,https://www.concejodebarranquilla.gov.co/wp-content/uploads/2022/02/14-02142022083013.pdf,ACUERDO Nº 014,
2013,https://www.concejodebarranquilla.gov.co/wp-content/uploads/2022/02/15-02142022083231.pdf,ACUERDO Nº 015,
2013,https://www.concejodebarranquilla.gov.co/wp-content/uploads/2022/02/16-02142022083304.pdf,ACUERDO Nº 016,
2013,https://www.concejodebarranquilla.gov.co/wp-content/uploads/2022/02/17-02142022083332.pdf,ACUERDO Nº 017,
2013,https://www.concejodebarranquilla.gov.co/wp-content/uploads/2022/02/18-02142022083401.pdf,ACUERDO Nº 018,
2013,https://www.concejodebarranquilla.gov.co/wp-content/uploads/2022/02/19-02142022083432.pdf,ACUERDO Nº 019,
2013,https://www.concejodebarranquilla.gov.co/wp-content/uploads/2022/02/20-02142022083508.pdf,ACUERDO Nº 020,
2013,https://www.concejodebarranquilla.gov.co/wp-content/uploads/2022/02/21-02142022083624.pdf,ACUERDO Nº 021,
2013,https://www.concejodebarranquilla.gov.co/wp-content/uploads/2022/02/22-02142022083655.pdf,ACUERDO Nº 022,
2013,https://www.concejodebarranquilla.gov.co/wp-content/uploads/2022/02/23-02142022083737.pdf,ACUERDO Nº 023,
2013,https://www.concejodebarranquilla.gov.co/wp-content/uploads/2022/02/24-02142022083804.pdf,ACUERDO Nº 024,
2013,https://www.concejodebarranquilla.gov.co/wp-content/uploads/2022/02/25-02142022083835.pdf,ACUERDO Nº 025,
2013,https://www.concejodebarranquilla.gov.co/wp-content/uploads/2022/02/26-02142022083859.pdf,ACUERDO Nº 026,
2013,https://www.concejodebarranquilla.gov.co/wp-content/uploads/2022/02/27-02142022083949.pdf,ACUERDO Nº 027,
2013,https://www.concejodebarranquilla.gov.co/wp-content/uploads/2022/02/28-02142022084234.pdf,ACUERDO Nº 028,
2013,https://www.concejodebarranquilla.gov.co/wp-content/uploads/2022/02/29-02142022084258.pdf,ACUERDO Nº 029,
2013,https://www.concejodebarranquilla.gov.co/wp-content/uploads/2022/02/30-02142022084316.pdf,ACUERDO Nº 030,
2013,https://www.concejodebarranquilla.gov.co/wp-content/uploads/2022/02/31-02142022084455.pdf,ACUERDO Nº 031,
2013,https://www.concejodebarranquilla.gov.co/wp-content/uploads/2022/02/32-02142022084611.pdf,ACUERDO Nº 032,
2013,https://www.concejodebarranquilla.gov.co/wp-content/uploads/2022/02/33-02142022084704.pdf,ACUERDO Nº 033,
2013,https://www.concejodebarranquilla.gov.co/wp-content/uploads/2022/02/34-02142022084806.pdf,ACUERDO Nº 034,
2014,https://www.concejodebarranquilla.gov.co/wp-content/uploads/2020/02/ACUERDO-001-14.pdf,ACUERDO Nº 001,
2014,https://www.concejodebarranquilla.gov.co/newpage/wp-content/uploads/2020/02/ACUERDO-002-14.pdf,ACUERDO Nº 002,
2014,https://www.concejodebarranquilla.gov.co/wp-content/uploads/2020/02/ACUERDO-003-14.pdf,ACUERDO Nº 003,
2014,https://www.concejodebarranquilla.gov.co/wp-content/uploads/2020/02/ACUERDO-004-14.pdf,ACUERDO Nº 004,
2014,https://www.concejodebarranquilla.gov.co/wp-content/uploads/2020/02/ACUERDO-005-14.pdf,ACUERDO Nº 005,
2014,https://www.concejodebarranquilla.gov.co/wp-content/uploads/2020/02/ACUERDO-006-14.pdf,ACUERDO Nº 006,
2014,https://www.concejodebarranquilla.gov.co/wp-content/uploads/2020/02/ACUERDO-008-14.pdf,ACUERDO Nº 008,
2014,https://www.concejodebarranquilla.gov.co/wp-content/uploads/2020/02/ACUERDO-009-14.pdf,ACUERDO Nº 009,
2014,https://www.concejodebarranquilla.gov.co/wp-content/uploads/2020/02/ACUERDO-010-14.pdf,ACUERDO Nº 010,
2014,https://www.concejodebarranquilla.gov.co/wp-content/uploads/2020/02/ACUERDO-011-14.pdf,ACUERDO Nº 011,
2014,https://www.concejodebarranquilla.gov.co/wp-content/uploads/2020/02/ACUERDO-012-14.pdf,ACUERDO Nº 012,
2014,https://www.concejodebarranquilla.gov.co/newpage/wp-content/uploads/2020/02/ACUERDO-00013-14.pdf,ACUERDO Nº 013,
2014,https://www.concejodebarranquilla.gov.co/wp-content/uploads/2020/02/ACUERDO-00013-14.pdf,ACUERDO Nº 014,
2014,https://www.concejodebarranquilla.gov.co/wp-content/uploads/2020/02/ACUERDO-015-14.pdf,ACUERDO Nº 015,
2014,https://www.concejodebarranquilla.gov.co/wp-content/uploads/2020/02/ACUERDO-016-14.pdf,ACUERDO Nº 016,
2015,https://www.concejodebarranquilla.gov.co/wp-content/uploads/2020/02/ACUERDO-0001-15-1.pdf,ACUERDO Nº 001,
2015,https://www.concejodebarranquilla.gov.co/wp-content/uploads/2020/02/ACUERDO-002.pdf,ACUERDO Nº 002,
2015,https://www.concejodebarranquilla.gov.co/wp-content/uploads/2020/02/ACUERDO-0003-15.pdf,ACUERDO Nº 003,
2015,https://www.concejodebarranquilla.gov.co/wp-content/uploads/2020/02/ACUERDO-004-15.pdf,ACUERDO Nº 004,
2015,https://www.concejodebarranquilla.gov.co/wp-content/uploads/2020/02/ACUERDO-0005-15.pdf,ACUERDO Nº 005,
2015,https://www.concejodebarranquilla.gov.co/wp-content/uploads/2020/02/ACUERDO-0006-15.pdf,ACUERDO Nº 006,
2015,https://www.concejodebarranquilla.gov.co/wp-content/uploads/2020/02/ACUERDO-0008-15.pdf,ACUERDO Nº 008,
2015,https://www.concejodebarranquilla.gov.co/wp-content/uploads/2020/02/ACUERDO-0009-15.pdf,ACUERDO Nº 009,
2015,https://www.concejodebarranquilla.gov.co/wp-content/uploads/2020/02/ACUERDO-010-15.pdf,ACUERDO Nº 010,
2015,https://www.concejodebarranquilla.gov.co/wp-content/uploads/2020/02/ACUERDO-0011-15.pdf,ACUERDO Nº 011,
2015,https://www.concejodebarranquilla.gov.co/wp-content/uploads/2020/02/ACUERDO-0012-15.pdf,ACUERDO Nº 012,
2015,https://www.concejodebarranquilla.gov.co/wp-content/uploads/2020/02/ACUERDO-0013-15.pdf,ACUERDO Nº 013,
2015,https://www.concejodebarranquilla.gov.co/wp-content/uploads/2020/02/ACUERDO-0014-15.pdf,ACUERDO Nº 014,
2015,https://www.concejodebarranquilla.gov.co/wp-content/uploads/2020/02/ACUERDO-0015-15.pdf,ACUERDO Nº 015,
2015,https://www.concejodebarranquilla.gov.co/wp-content/uploads/2020/02/ACUERDO-0016-15.pdf,ACUERDO Nº 016,
2015,https://www.concejodebarranquilla.gov.co/wp-content/uploads/2022/08/acu-17-2015-08092022104920.pdf,ACUERDO Nº 017,
2015,https://www.concejodebarranquilla.gov.co/wp-content/uploads/2020/02/ACUERDO-0018-15.pdf,ACUERDO Nº 018,
2015,https://www.concejodebarranquilla.gov.co/wp-content/uploads/2020/02/ACUERDO-0019-15.pdf,ACUERDO Nº 019,
2015,https://www.concejodebarranquilla.gov.co/wp-content/uploads/2020/02/ACUERDO-0020-15.pdf,ACUERDO Nº 020,
2016,https://www.concejodebarranquilla.gov.co/wp-content/uploads/2020/02/ACUERDO-0001-16.pdf,"ACUERDO 0001-16 POR MEDIO DE LA CUAL SE DICTAN DISPOSICIONES PARA EL DISEÑO E IMPLMENTACION DE LA CATEDRA DE LA PAZ, COMO MEDIO PARA LA PROMOCION, GARANTIA Y FORTALECIMINETO DE UNA EDUCACION PARA LA CONVIVENCIA PACIFICA EN EL DIST",
2016,https://www.concejodebarranquilla.gov.co/wp-content/uploads/2020/02/ACUERDO-0002-16.pdf,ACUERDO 0002-16 POR EL CUAL SE CONCEDEN TRATAMIENTOS PREFERENCIALES EN TRIBUTOS PARA PROMOVER REALIZACION DE EVENTOS CON PARTICIPACION DE LAS SELECCIONES COLOMBIANAS DE FUTBOL EN SUS RAMAS MASCULINAS Y FEMENINAS,
2016,https://www.concejodebarranquilla.gov.co/wp-content/uploads/2020/02/ACUERDO-0003-16.pdf,ACUERDO 0003-16 POR MEDIO DEL CUAL SE CONCEDEN FACULTADES AL SEÑOR ALCALDE PARA OTORGAR SUBSIDIOS PARA COMPRA Y O MEJORAMIENTO DE VIVIENDA Y COMPRA DE PREDIOS PARA TITULACION DE VIVIENDA A LA POBLACION VULNERABLE,
2016,https://www.concejodebarranquilla.gov.co/wp-content/uploads/2020/02/ACUERDO-0004-16.pdf,"ACUERDO 0004-16 “POR EL CUAL SE AMPLIA HASTA EL AÑO 2035 EL PLAZO CONTEMPLADO EN EL ARTICULO 34 DEL ESTATUTO TRIBUTARIO DISTRITAL, PARA EL FONDO DE RESTAURACION, OBRAS E INVERSIONES HIDRICAS, FORO HIDRICO”.",
2016,https://www.concejodebarranquilla.gov.co/wp-content/uploads/2020/02/ACUERDO-0005-16.pdf,"ACUERDO 0005-16 “POR MEDIO DEL CUAL SE CONCEDEN AL SEÑOR ALCALDE DEL DISTRITO ESPECIAL, INDUSTRIAL Y PORTUARIO DE BARRANQUILLA PARA TRANSFERIR A LA EMPRESA DE DESARROLLO URBANO DE BARRANQUILLA Y LA REGION CARIBE S A EDUBAR, REC",
2016,https://www.concejodebarranquilla.gov.co/wp-content/uploads/2020/02/ACUERDO-0006-16.pdf,"ACUERDO 0006-16 “POR EL CUAL SE CONCEDEN AL SEÑOR ALCALDE DEL DISTRITO ESPECIAL, INDUSTRIAL Y PORTUARIO DE BARRANQUILLA AUTORIZACIONES PRECISAS Y PROTEMPORES PARA CELEBRAR LOS CONTRATOS Y CONVENIOS NECESARIOS PARA TRANSFERIR AL F",
2016,https://www.concejodebarranquilla.gov.co/wp-content/uploads/2020/02/ACUERDO-0007-16.pdf,"ACUERDO 0007-16 “POR EL CUAL SE AUTORIZA AL ALCALDE DEL DISTRITO ESPECIAL, INDUSTRIAL Y PORTUARIO DE BARRANQUILLA PARA TRANSFERIR A LA EMPRESA DE DESARROLLO URBANO DE BARRANQUILLA Y LA REGION CARIBE S A EDUBAR, DE LOS RECURSOS",
2016,https://www.concejodebarranquilla.gov.co/wp-content/uploads/2020/02/ACUERDO-0008-16.pdf,"ACUERDO 0008-16 “POR MEDIO DEL CUAL SE CONCEDEN FACULTADES AL ALCALDE MAYOR DEL DISTRITO ESPECIAL, INDUSTRIAL Y PORTUARIO DE BARRANQUILLA PARA COMPROMETER VIGENCIAS FUTURAS ORDINARIAS A FIN DE REALIZAR EL PROYECTO “CONSTRUCCION YO",
2016,https://www.concejodebarranquilla.gov.co/wp-content/uploads/2020/02/ACUERDO-0009-16.pdf,ACUERDO 0009-16 “POR EL CUAL SE AUTORIZA AL ALCALDE DISTRITAL DE BARRANQUILLA PARA LA ZASUNCION DE COMPROMISOS CON CARGO A PRESUPUESTOS DE VIGENCIAS FUTURAS ORDINARIAS PARA CONTRATAR LA COMPRA DE EQUIPOS PARA LA DOTACION DE CUA,
2016,https://www.concejodebarranquilla.gov.co/wp-content/uploads/2020/02/ACUERDO-0010-16.pdf,"ACUERDO 0010-16 “POR EL CUAL SE AUTORIZA AL ALCALDE DEL DISTRITO ESPECIAL, INDUSTRIAL Y PORTUARIO DE BARRANQUILLA PARA COMPROMETER VIGENCIAS FUTURAS ORDINARIAS PARA LA ADQUISICION DE PREDIOS EN DESARROLLO DEL PROYECTO SANEAMIENTO",
2016,https://www.concejodebarranquilla.gov.co/wp-content/uploads/2020/02/ACUERDO-0011-16.pdf,ACUERDO 0011-16 POR EL CUAL SE ADOPTA EL PLAN DE DESARROLLO DISTRITAL 2016 – 2019 BARRANQUILLA CAPITAL DE VIDA,
2016,https://www.concejodebarranquilla.gov.co/wp-content/uploads/2022/09/CamScanner-09-30-2022-07.59.pdf,ACUERDO 0012-16 POR MEDIO DEL CUAL SE INCORPORA EL ITSA AL DISTRITO ESPECIAL INDUSTRIAL DE PORTUARIO DE BARRANQUILLA,
2016,https://www.concejodebarranquilla.gov.co/wp-content/uploads/2020/02/ACUERDO-0013-16.pdf,ACUERDO 0013-16 POR EL CUAL SE ADOPTA EL SISTEMA DE PARTICIPACION CIUDADANA,
2016,https://www.concejodebarranquilla.gov.co/wp-content/uploads/2020/02/ACUERDO-0014-16.pdf,ACUERDO 0014-16 POR EL CUAL SE MODIFICA EL REGLAMENTO INTERNO DEL CONCEJO DISTRITAL DE BARRANQUILLA,
2016,https://www.concejodebarranquilla.gov.co/wp-content/uploads/2020/02/ACUERDO-0015-16.pdf,ACUERDO 0015-16 POR EL CUAL SE CONVOCA A LA ELECCION DE LOS JUECES DE PAZ Y RECONSIDERACION,
2016,https://www.concejodebarranquilla.gov.co/wp-content/uploads/2020/02/ACUERDO-0016-16.pdf,ACUERDO 0016-16 POR EL CUAL SE MODIFICA AL ARTICULO 6 DEL ACUERDO 0006 DEL 2016 DEL CONCEJO DISTRITAL DE BARRANQUILLA,
2016,https://www.concejodebarranquilla.gov.co/wp-content/uploads/2020/02/ACUERDO-0018-16.pdf,ACUERDO 0018-16 POR MEDIO DEL CUAL SE MODIFICA LA FECHA DE ELECCION DE LOS JUECES DE PAZ Y DE RECONSIDERACION,
2016,https://www.concejodebarranquilla.gov.co/wp-content/uploads/2020/02/ACUERDO-0019-16-1.pdf,ACUERDO 0019-16 POR MEDIO DEL CUAL SE CONCEDEN FACULTADES AL ALCALDE FINANCIAR EL PROYECTO DE CONSTRUCCION DE LA NFRAESTRUCTURA VIAL DE LAS LOCALIDADES METROPOLITANA Y SUR OCCIDENTE ETAPA III,
2016,https://www.concejodebarranquilla.gov.co/wp-content/uploads/2020/02/ACUERDO-0020-16.pdf,ACUERDO 0020-16 POR EL CUAL SE AUTORIZA AL ALCALDE PARA LA CONSTITUCION DE UNA SOCIEDAD DE ECONOMIA MIXTA POR ACCIONES PARA LA PRESTACION DEL SERVICIO DE ALUMBRADO PUBLICO,
2016,https://www.concejodebarranquilla.gov.co/wp-content/uploads/2020/02/ACUERDO-0021-16.pdf,ACUERDO 0021-16 POR MEDIO DEL CUAL SE ADICIONAN LAS FACULTADES DE MODERNIZACION DE LA ADMINISTRACION CENTRAL Y DESCENTRALIZADA OTORGADAS POR EL CUAERDO 017 DE 2015,
2016,https://www.concejodebarranquilla.gov.co/wp-content/uploads/2020/02/ACUERDO-0022-16.pdf,"ACUERDO 0022-16 POR MEDIO DEL CUAL SE MODIFICAN LOS ACUERDO 033 DE 1991, 056 DE 1993 Y SE AUTORIZA AL ALCALDE PARA LA MODERNIZACION DE LA SOCIEDAD CARNAVAL DE BARRANQUILLA",
2016,https://www.concejodebarranquilla.gov.co/wp-content/uploads/2020/02/ACUERDO-0023-16.pdf,ACUERDO 0023-16 POR EL CUAL SE CONCEDEN TRATAMIENTOS PREFERENCIALES EN TRIBUTOS A LOS CONTRATOS QUE SE CELEBREN EN EL DISTRITO DE BARRANQUILLA PARA LA ATENCION DE LAS LABORES DEL RIESGO CONTRA INCENDIO A CARGO DEL CUERPO DE BOMBEROS,
2016,https://www.concejodebarranquilla.gov.co/wp-content/uploads/2020/02/ACUERDO-0024-16.pdf,ACUERDO 0024-16 POR MEDIO DEL CUAL SE CONCEDEN FACULTADES AL ALCALDE DEL DEIP PARA COMPROMETER VIGENCIAS FUTURAS PARA REAZALIAR CONSTRUCCION Y O ADECUACION DE LOS ESTADIOS ELIAS CHEWIN Y ROMELIO MARTINEZ,
2016,https://www.concejodebarranquilla.gov.co/wp-content/uploads/2020/02/ACUERDO-0025-16.pdf,ACUERDO 0025-16 POR MEDIO DEL CUAL SE AUTORIZA AL DEIP DE BARRANQUILLA PARA ENAJENAR A TITULO GRATUITO LOS BIENES INMUEBLES EN EL EDIFICIO CAMARA DE COMERCIO A LA PROCURADURIA GENERAL DE LA NACION,
2016,https://www.concejodebarranquilla.gov.co/wp-content/uploads/2020/02/ACUERDO-0026-16.pdf,ACUERDO 0026-16 POR EL CUAL SE ESTABLECE UNA POLITICA DE DEFENSA DE LA MANO DE OBRA Y EMPLEO EN EL DISTRITO DE BARRANQUILLA,
2016,https://www.concejodebarranquilla.gov.co/wp-content/uploads/2020/02/ACUERDO-0027-16.pdf,ACUERDO 0027-16 POR MEDIO DEL CUAL SE CONCENDEN FACULTADES AL ALCALDE MAYOR DEIP PARA COMPROMETER VIGENCIAS FUTURAS A FIN DE REALIZAR PROYECTOS DE LA TIC EN ZONAS WIFI,
2016,https://www.concejodebarranquilla.gov.co/wp-content/uploads/2020/02/ACUERDO-0028-16.pdf,ACUERDO 0028-16 POR MEDIO DEL CUAL SE CONCEDEN PACULTADES AL ALCALDE DE BARRANQUILLA PARA COMPROMETER VIGENCIAS FUTURAS ORDINARIAS A FIN DE DOTAR SEDES DEL SENA Y SE DICTAN OTRAS DISPOSICIONES,
2016,https://www.concejodebarranquilla.gov.co/wp-content/uploads/2020/02/ACUERDO-0029-16.pdf,"ACUERDO 0029 DIC 26 De 2016, POR MEDIO DEL CUAL SE ACTUALIZAN LAS TARIFAS Y LA TASA DE LOS DERECHOS DE TRANSITO, EN EL DISTRITO ESPECIAL INDUSTRITAL Y PORTUARIO DE BARRANQUILLA Y SE MODIFICA EL ESTATUTO TRIBUTARIO DEL DISTRITO",
2017,https://www.concejodebarranquilla.gov.co/wp-content/uploads/2022/04/001-2017.pdf,ACUERDO No. 001,
2017,https://www.concejodebarranquilla.gov.co/wp-content/uploads/2020/02/ACUERDO-No.-002-POR-EL-CUAL-SE-ADOPTA-EN-EL-DISTRITO-DE-BARRANQUILLA-LA-CONCILIACION-CONTENCIOSA-ADMINISTRATIVA-LA-TERMINACION-POR-MUTUO-ACUERDO-DE-PROCESOS.pdf,ACUERDO No 002,
2017,https://www.concejodebarranquilla.gov.co/wp-content/uploads/2022/04/003-2017.pdf,ACUERDO No 003,
2017,https://www.concejodebarranquilla.gov.co/wp-content/uploads/2022/04/004-2017.pdf,ACUERDO No 004,
2017,https://www.concejodebarranquilla.gov.co/wp-content/uploads/2022/04/005-2017-04012022091020.pdf,ACUERDO No 005,
2017,https://www.concejodebarranquilla.gov.co/wp-content/uploads/2022/04/006-2017-04012022091123.pdf,ACUERDO No 006,
2017,https://www.concejodebarranquilla.gov.co/wp-content/uploads/2022/04/007-2017-04012022091214.pdf,ACUERDO No 007,
2017,https://www.concejodebarranquilla.gov.co/wp-content/uploads/2022/04/008-2017-04012022091258.pdf,ACUERDO No 008,
2017,https://www.concejodebarranquilla.gov.co/wp-content/uploads/2022/04/009-2017-04012022091336.pdf,ACUERDO No 009,
2017,https://www.concejodebarranquilla.gov.co/wp-content/uploads/2022/04/010-2017-04012022091422.pdf,ACUERDO No 010,
2017,https://www.concejodebarranquilla.gov.co/wp-content/uploads/2022/04/011-2017-04012022091510.pdf,ACUERDO No 011,
2017,https://www.concejodebarranquilla.gov.co/wp-content/uploads/2022/04/012-2017-04012022091600.pdf,ACUERDO No 012,
2017,https://www.concejodebarranquilla.gov.co/wp-content/uploads/2022/04/013-2017-04012022091638.pdf,ACUERDO No 013,
2017,https://www.concejodebarranquilla.gov.co/wp-content/uploads/2022/04/015-2017-04012022091740.pdf,ACUERDO No 015,
2017,https://www.concejodebarranquilla.gov.co/wp-content/uploads/2022/04/014-2017-04012022091705.pdf,ACUERDO No 014,
2017,https://www.concejodebarranquilla.gov.co/wp-content/uploads/2022/04/016-2017-04012022091908.pdf,ACUERDO No 016,
2017,https://www.concejodebarranquilla.gov.co/wp-content/uploads/2022/04/017-2017-04012022091945.pdf,ACUERDO No 017,
2017,https://www.concejodebarranquilla.gov.co/wp-content/uploads/2022/04/018-2017-04012022092017.pdf,ACUERDO No 018,
2017,https://www.concejodebarranquilla.gov.co/wp-content/uploads/2022/04/019-2017-04012022092055.pdf,ACUERDO No 019,
2017,https://www.concejodebarranquilla.gov.co/wp-content/uploads/2022/04/020-2017-04012022092141.pdf,ACUERDO No 020,
2017,https://www.concejodebarranquilla.gov.co/wp-content/uploads/2022/04/021-2017-04012022092249.pdf,ACUERDO No 021,
2017,https://www.concejodebarranquilla.gov.co/wp-content/uploads/2022/04/022-2017-04012022092334.pdf,ACUERDO No 022,
2017,https://www.concejodebarranquilla.gov.co/wp-content/uploads/2022/04/023-2017-04012022092419.pdf,ACUERDO No 023,
2017,https://www.concejodebarranquilla.gov.co/wp-content/uploads/2022/04/024-2017-04012022092459.pdf,ACUERDO No 024,
2017,https://www.concejodebarranquilla.gov.co/wp-content/uploads/2022/04/028-2017-04012022093016.pdf,ACUERDO No 028,
2017,https://www.concejodebarranquilla.gov.co/wp-content/uploads/2022/04/027-2017-04012022092741.pdf,ACUERDO No 027,
2017,https://www.concejodebarranquilla.gov.co/wp-content/uploads/2022/04/026-2017-04012022092615.pdf,ACUERDO No 026,
2017,https://www.concejodebarranquilla.gov.co/wp-content/uploads/2022/04/025-2017-04012022092542.pdf,ACUERDO No 025,
2017,https://www.concejodebarranquilla.gov.co/wp-content/uploads/2022/04/032-2017-04012022093710.pdf,ACUERDO No 032,
2017,https://www.concejodebarranquilla.gov.co/wp-content/uploads/2022/04/031-2017-04012022093633.pdf,ACUERDO No 031,
2017,https://www.concejodebarranquilla.gov.co/wp-content/uploads/2022/04/030-2017-04012022093552.pdf,ACUERDO No 030,
2017,https://www.concejodebarranquilla.gov.co/wp-content/uploads/2022/04/029-2017-04012022093234.pdf,ACUERDO No 029,
2018,https://www.concejodebarranquilla.gov.co/wp-content/uploads/2020/02/ACUERDO-No.0001-DE-2018.pdf.pdf,ACUERDO Nº 001,
2018,http://concejodebarranquilla.gov.gov.co/wp-content/uploads/2020/02/ACUERDO-No.0002-DE-2018.pdf.pdf,ACUERDO Nº 002,
2018,https://www.concejodebarranquilla.gov.co/wp-content/uploads/2020/02/ACUERDO-No.0003-DE-2018.pdf.pdf,ACUERDO Nº 003,
2018,https://www.concejodebarranquilla.gov.co/wp-content/uploads/2020/02/ACUERDO-No.0004-DE-2018.pdf.pdf,ACUERDO Nº 004,
2018,https://www.concejodebarranquilla.gov.co/wp-content/uploads/2020/02/ACUERDO-No.0005-DE-2018.pdf.pdf,ACUERDO Nº 005,
2018,https://www.concejodebarranquilla.gov.co/wp-content/uploads/2020/02/ACUERDO-No.0006-DE-2018.pdf,ACUERDO Nº 006,
2018,https://www.concejodebarranquilla.gov.co/wp-content/uploads/2020/02/ACUERDO-N-0007-DE-2018.pdf,ACUERDO Nº 007,
2018,https://www.concejodebarranquilla.gov.co/wp-content/uploads/2020/02/ACUERDO-N-0008-DE-2018.pdf,ACUERDO Nº 008,
2018,https://www.concejodebarranquilla.gov.co/wp-content/uploads/2020/02/ACUERDO-N-0009-DE-2018.pdf,ACUERDO Nº 009,
2018,https://www.concejodebarranquilla.gov.co/wp-content/uploads/2020/02/ACUERDO-N-0010-DE-2018.pdf,ACUERDO Nº 010,
2018,https://www.concejodebarranquilla.gov.co/wp-content/uploads/2020/02/ACUERDO-N-0011-DE-2018.pdf,ACUERDO Nº 011,
2018,https://www.concejodebarranquilla.gov.co/wp-content/uploads/2020/02/ACUERDO-N-0012-DE-2018.pdf,ACUERDO Nº 012,
2018,https://www.concejodebarranquilla.gov.co/wp-content/uploads/2020/02/ACUERDO-N-0013-DE-2018.pdf,ACUERDO Nº 013,
2018,https://www.concejodebarranquilla.gov.co/wp-content/uploads/2020/02/ACUERDO-N-0014-DE-2018.pdf,ACUERDO Nº 014,
2018,https://www.concejodebarranquilla.gov.co/wp-content/uploads/2020/02/ACU-0015-2018.pdf,ACUERDO Nº 015,
2018,https://www.concejodebarranquilla.gov.co/wp-content/uploads/2020/02/ACU-0016-2018.pdf,ACUERDO Nº 016,
2018,https://www.concejodebarranquilla.gov.co/wp-content/uploads/2020/02/ACUERDO-N-0017-DE-2018.pdf,ACUERDO Nº 017,
2018,https://www.concejodebarranquilla.gov.co/wp-content/uploads/2020/02/ACU-0018-2018.pdf,ACUERDO Nº 018,
2018,https://www.concejodebarranquilla.gov.co/wp-content/uploads/2020/02/ACU-0019-2018.pdf,ACUERDO Nº 019,
2019,https://www.concejodebarranquilla.gov.co/wp-content/uploads/2020/02/ACUERDO-001.pdf,ACUERDO Nº 001,
2019,https://www.concejodebarranquilla.gov.co/wp-content/uploads/2020/02/ACUERDO-002.pdf,ACUERDO Nº 002,
2019,https://www.concejodebarranquilla.gov.co/wp-content/uploads/2020/02/ACUERDO-003.pdf,ACUERDO Nº 003,
2019,https://www.concejodebarranquilla.gov.co/wp-content/uploads/2020/02/Acuerdo-004.pdf,ACUERDO Nº 004,
2019,https://www.concejodebarranquilla.gov.co/wp-content/uploads/2020/02/Acuerdo-005.pdf,ACUERDO Nº 005,
2019,https://www.concejodebarranquilla.gov.co/wp-content/uploads/2020/02/ACUERDO006.pdf,ACUERDO Nº 006,
2019,https://www.concejodebarranquilla.gov.co/wp-content/uploads/2020/02/ACUERDO007.pdf,ACUERDO Nº 007,
2019,https://www.concejodebarranquilla.gov.co/wp-content/uploads/2020/02/ACUERDO008.pdf,ACUERDO Nº 008,
2019,https://www.concejodebarranquilla.gov.co/wp-content/uploads/2020/02/ACUERDO009.pdf,ACUERDO Nº 009,
2019,https://www.concejodebarranquilla.gov.co/wp-content/uploads/2020/02/acuerdo-10.pdf,ACUERDO Nº 010,
2019,https://www.concejodebarranquilla.gov.co/wp-content/uploads/2020/02/acuerdo-11.pdf,ACUERDO Nº 011,
2019,https://www.concejodebarranquilla.gov.co/wp-content/uploads/2022/06/gaceta_589.pdf,ACUERDO Nº 012,
2019,https://www.concejodebarranquilla.gov.co/wp-content/uploads/2020/02/ACUERDO-0013.pdf,ACUERDO Nº 013,
2019,https://www.concejodebarranquilla.gov.co/wp-content/uploads/2020/02/ACUERDO-0014.pdf,ACUERDO Nº 014,
2020,https://www.concejodebarranquilla.gov.co/wp-content/uploads/2020/02/ACUERDO-0016-30-2020.pdf,Acuerdo 016,
2020,https://www.concejodebarranquilla.gov.co/wp-content/uploads/2020/02/Acuerdo-15-de-2020.pdf,ACUERDOS SANCIONADOS 015,
2020,https://www.concejodebarranquilla.gov.co/wp-content/uploads/2020/02/acuerdo-014-2020.pdf,Acuerdo 014 2020,
2020,https://www.concejodebarranquilla.gov.co/wp-content/uploads/2020/02/acuerdo-013-2020.pdf,Acuerdo 013 2020,
2020,https://www.concejodebarranquilla.gov.co/wp-content/uploads/2020/02/acuerdo-012-2020.pdf,Acuerdo 012 2020,
2020,https://www.concejodebarranquilla.gov.co/wp-content/uploads/2020/02/acuerdo-011-2020.pdf,Acuerdo 011 2020,
2020,https://www.concejodebarranquilla.gov.co/wp-content/uploads/2020/02/ACUERDO-007-DE-2020.-.pdf,ACUERDO 007 DE 2020.,
2020,https://www.concejodebarranquilla.gov.co/wp-content/uploads/2020/02/acuerdo-010-2020.pdf,Acuerdo 010 2020,
2020,https://www.concejodebarranquilla.gov.co/wp-content/uploads/2020/02/acuerdo-009-2020.pdf,Acuerdo 009 2020,
2020,https://www.concejodebarranquilla.gov.co/wp-content/uploads/2020/02/Acuerdo-008-de-2020-Se-modifica-el-reglamento-interno-del-Concejo.pdf,Acuerdo 008 de 2020 Se modifica el reglamento interno del Concejo,
2020,https://www.concejodebarranquilla.gov.co/wp-content/uploads/2020/02/ACUERDO-0006-DE-2020-POR-MEDIO-DEL-CUAL-SE-ESTRUCTURA-EL-CONSEJO-CONSULTIVO-DE-MUJERES-DEL-D.B.pdf,ACUERDO 006 DE 2020 POR MEDIO DEL CUAL SE ESTRUCTURA EL CONSEJO CONSULTIVO DE MUJERES DEL D.B,
2020,https://www.concejodebarranquilla.gov.co/wp-content/uploads/2020/02/ACUERDO-0005-DE-2020-SE-SUSTITUYE-E-IMPLEMENTA-UN-HOSPITAL-GERIATRICO-EN-DEIP-Y-SE-TRAZAN-LAS-LINEAS-PARA-LA-POLITICA-P-DE-SALUD-MENTAL.pdf,ACUERDO 005 DE 2020 SE SUSTITUYE E IMPLEMENTA UN HOSPITAL GERIATRICO EN DEIP Y SE TRAZAN LAS LINEAS PARA LA POLITICA P DE SALUD MENTAL,
2020,https://www.concejodebarranquilla.gov.co/wp-content/uploads/2020/02/ACUERDO-0004-DE-2020-SE-SUSTITUYE-E-IMPLEMENTA-UN-HOSPITAL-GERIATRICO-EN-DEIP-Y-SE-TRAZAN-LAS-LINEAS-PARA-LA-P.P-DE-LA-SALUD-DE-LOS-ANCIANOS-1.pdf,ACUERDO 004 DE 2020 SE SUSTITUYE E IMPLEMENTA UN HOSPITAL GERIATRICO EN DEIP Y SE TRAZAN LAS LINEAS PARA LA P.P DE LA SALUD DE LOS ANCIANOS.,
2020,https://www.concejodebarranquilla.gov.co/wp-content/uploads/2020/02/ACUERDO-003-DE-2020..pdf,ACUERDO 003 DE 2020.,
2020,https://www.concejodebarranquilla.gov.co/wp-content/uploads/2020/02/ACUERDO-002-DE-2020-facultades-alcalde-subsidios-de-vivienda-y-adjudicacion-bienes-fisacales.pdf,ACUERDO 002 DE 2020 facultades alcalde subsidios de vivienda y adjudicacion bienes fisacales,
2020,https://www.concejodebarranquilla.gov.co/wp-content/uploads/2020/02/gaceta_665.pdf,ACUERDO Nº 001 – PLAN DE DESARROLLO,
2021,https://www.concejodebarranquilla.gov.co/wp-content/uploads/2020/02/Acuerdo-No.001-del-19-de-mayo-de-2021.pdf,Acuerdo No. 001 del 2021,
2021,https://www.concejodebarranquilla.gov.co/wp-content/uploads/2020/02/Acuerdo-No.002-del-19-de-mayo-de-2021.pdf,Acuerdo No. 002 del 2021,
2021,https://www.concejodebarranquilla.gov.co/wp-content/uploads/2020/02/Acuerdo-03-de-2021.pdf,Acuerdo No. 003 del 2021,
2021,https://www.concejodebarranquilla.gov.co/wp-content/uploads/2020/02/Acuerdo-No.-004-del19-de-mayo-de-2021-1.pdf,Acuerdo No. 004 del 2021,
2021,https://www.concejodebarranquilla.gov.co/wp-content/uploads/2020/02/Acuerdo-No.-005-06112021092801.pdf,Acuerdo No. 005 del 2021,
2021,https://www.concejodebarranquilla.gov.co/wp-content/uploads/2020/02/Acuerdo-No.-006-06112021092833.pdf,Acuerdo No. 006 del 2021,
2021,https://www.concejodebarranquilla.gov.co/wp-content/uploads/2021/08/Acuerdo-No.-007-del-2021.pdf,Acuerdo No. 007 del 2021,
2021,https://www.concejodebarranquilla.gov.co/wp-content/uploads/2021/08/Acuerdo-No.-008-del-2021.pdf,Acuerdo No. 008 del 2021,
2021,https://www.concejodebarranquilla.gov.co/wp-content/uploads/2021/08/Acuerdo-009-08112021093117.pdf,Acuerdo No. 009 del 2021,
2021,https://www.concejodebarranquilla.gov.co/wp-content/uploads/2021/08/Acuerdo-No.-010-del-2021.pdf,Acuerdo No. 010 del 2021,
2021,https://www.concejodebarranquilla.gov.co/wp-content/uploads/2021/08/Acuerdo-No.-011-del-2021.pdf,Acuerdo No. 011 del 2021,
2021,https://www.concejodebarranquilla.gov.co/wp-content/uploads/2021/08/Acuerdo-No.-012-del-2021.pdf,Acuerdo No. 012 del 2021,
2021,https://www.concejodebarranquilla.gov.co/wp-content/uploads/2021/08/Acuerdo-No.-013-del-2021.pdf,Acuerdo No. 013 del 2021,
2021,https://www.concejodebarranquilla.gov.co/wp-content/uploads/2021/09/ACUERDO-014-09162021140736.pdf,Acuerdo No. 014 de 2021,
2021,https://www.concejodebarranquilla.gov.co/wp-content/uploads/2021/11/15.-Acuerdo-No.-015-VF-inversión.pdf,Acuerdo No. 015 del 2021,
2021,https://www.concejodebarranquilla.gov.co/wp-content/uploads/2021/11/9.-Acuerdo-No.-016-VFuncionamiento.pdf,Acuerdo No. 016 del 2021,
2021,https://www.concejodebarranquilla.gov.co/wp-content/uploads/2021/11/9.-Acuerdo-No.-017-Credito-Público.pdf,Acuerdo No. 017 del 2021,
2021,https://www.concejodebarranquilla.gov.co/wp-content/uploads/2021/12/DOC112421-11242021144650.pdf,Acuerdo No. 018 del 2021,
2021,https://www.concejodebarranquilla.gov.co/wp-content/uploads/2021/12/acuerdo-019-12162021140026.pdf,Acuerdo No. 019 del 2021,
2021,https://www.concejodebarranquilla.gov.co/wp-content/uploads/2021/12/acuerdo-020-12162021135705.pdf,Acuerdo No. 020 del 2021,
2022,https://www.concejodebarranquilla.gov.co/wp-content/uploads/dlm_uploads/2022/05/DOC051322-05132022102857.pdf,"ACUERDO Nº 001 DE 2022, “POR EL CUAL SE CONVOCA A LA ELECCION DE LOS JUECES DE PAZ Y SE DICTAN OTRAS DISPOSICIONES”",
2022,https://www.concejodebarranquilla.gov.co/wp-content/uploads/dlm_uploads/2022/05/DOC051322-05132022102910.pdf,"ACUERDO Nº 002 DE 2022, ” POR EL CUAL SE ORDENA LA ADOPCION DE UN PLAN DE ATENCION INTEGRAL EN EL DISTRITO ESPECIAL, INDUSTRIAL Y PORTUARIO DE BARRANQUILLA DE O PARA NIÑAS, NIÑOS, ADOLESCENTES Y MAYORES CON DISCAPACIDAD Y DEPENDENCIA QUE PERDIERON A UNO O AMBOS PADRES, ABUELOS O CUIDADORES, CON OCACION O POR MOTIVO DEL COVID-19; Y SE DICTAN OTRAS DISPOSICIONES”",
2022,https://www.concejodebarranquilla.gov.co/wp-content/uploads/2022/07/acuerdo-2022-003-07212022135058.pdf,"ACUERDO Nº 003 DE 2022, “EL CUAL SE CONCEDE AUTORIZACIÓN AL ALCALDE MAYOR DEL DISTRITO ESPECIAL, INDUSTRIAL Y PORTUARIO DE BARRANQUILLA PARA CELEBRAR OPERACIONES DE CRÉDITO PÚBLICO MEDIANTE LA AMPLIACION DEL CUPO DE CRÉDITO AUTORIZADO”",
2022,https://www.concejodebarranquilla.gov.co/wp-content/uploads/2022/08/acu-2022-004-08042022142759.pdf,"ACUERDO Nº 004 “POR EL CUAL SE DICTAN LINEAMIENTOS PARA INCENTIVAR LAS ACTIVIDADES CULTURALES, CREATIVAS Y LA CONSOLIDACIÓN, REDESARROLLO Y RECUPERACIÓN DEL SECTOR URBANO DEL BIEN DE INTERÉS CULTURAL DEL ÁMBITO DISTRITAL BARRIO ABAJO DEL RÍO.”",
2022,https://www.concejodebarranquilla.gov.co/wp-content/uploads/2022/08/Acuerdo-2022-005.pdf,"ACUERDO Nº 005 “POR EL CUAL SE ESTABLECE LOS LINEAMIENTOS PARA LA IMPLEMENTACION DE LA POLITICA DE ECOPARQUES EN EL MARCO DEL PLAN DE DESARROLLO DE BARRANQUILLA 2020-2023, EL PLAN CIUDAD SOSTENIBLE 2100, EL CAMBIO CLIMATICO, LOS OBJETIVOS DE DESARROLLO SOSTENIBLE Y SE ESTABLECEN OTRAS DISPOSICIONES”",
2022,https://www.concejodebarranquilla.gov.co/wp-content/uploads/2022/08/acu-2022-006-08042022142918.pdf,"ACUERDO Nº 006 “POR EL CUAL SE DICTAN LINEAMIENTOS, ESTRATEGIAS Y LINEAS DE ACCIÓN PARA LA SEGURIDAD ALIMENTARIA NUTRICIÓN SALUDABLE EN EL DISTRITO ESPECIAL, INDUSTRIAL Y PORTUARIO DE BARRANQUILLA, Y SE ESTABLECEN OTRAS DISPOSICIONES.”",
2022,https://www.concejodebarranquilla.gov.co/wp-content/uploads/2022/08/Acuerdo-2022-007.pdf,ACUERDO Nº 007 “POR EL CUAL SE CREA LA COMISIÓN LEGAL PARA LA EQUIDAD DE LA MUJER EN CUMPLIMIENTO DE LA LEY 1981 DE 2019”,
2022,https://www.concejodebarranquilla.gov.co/wp-content/uploads/2022/08/acu-2022-008-08042022141414.pdf,ACUERDO Nº 008 “POR MEDIO DEL CUAL SE ESTABLECE UNA ESTRATEGIA PARA FOMENTAR LA PRACTICA DE LA EDUCACION FISICA EN LOS ESTABLECIMIENTOS EDUCATIVOS DISTRITALES”,
2022,https://www.concejodebarranquilla.gov.co/wp-content/uploads/2022/08/acu-2022-009-08042022142444.pdf,"ACUERDO Nº 009 “POR MEDIO DEL CUAL SE RECONOCE Y APOYA*A LOS CUIDADORES Y CUIDADORAS, HOGARES DE PASO DE ANIMALES DOMÉSTICOS EN SITUACIÓN DE ABANDONO EN EL DISTRITO INDUSTRIAL Y PORTUARIO DE BARRANQUILLA Y SE DICTAN OTRAS DISPOSICIONES”",
2022,https://www.concejodebarranquilla.gov.co/wp-content/uploads/2022/11/acu-10-2022-11232022130511.pdf,"ACUERDO Nº 010 “POR EL CUAL SE CONCEDE UNA ALTERNATIVA PARA EL PAGO DE LOS TRIBUTOS Y SANCIONES URBANISTICAS EN EL DISTRITO ESPECIAL, INDUSTRIAL Y PORTUARIO DE BARRANQUILLA”",
2022,https://www.concejodebarranquilla.gov.co/wp-content/uploads/2022/12/Acuerdo-011.pdf,ACUERDO Nº 011,
2022,https://www.concejodebarranquilla.gov.co/wp-content/uploads/2022/12/Acuerdo-012.pdf,ACUERDO Nº 012,
2022,https://www.concejodebarranquilla.gov.co/wp-content/uploads/2022/12/Acuerdo-013.pdf,ACUERDO Nº 013,
2022,https://www.concejodebarranquilla.gov.co/wp-content/uploads/2022/12/Acuerdo-014.pdf,ACUERDO Nº 014,
2022,https://www.concejodebarranquilla.gov.co/wp-content/uploads/2022/12/Acuerdo-015.pdf,ACUERDO Nº 015,
2022,https://www.concejodebarranquilla.gov.co/wp-content/uploads/2022/12/Acuerdo-016.pdf,ACUERDO Nº 016,
2022,https://www.concejodebarranquilla.gov.co/wp-content/uploads/2022/12/Acuerdo-017.pdf,ACUERDO Nº 017,
2022,https://www.concejodebarranquilla.gov.co/wp-content/uploads/2022/12/Acuerdo-018.pdf,ACUERDO Nº 018,
2022,https://www.concejodebarranquilla.gov.co/wp-content/uploads/2022/12/Acuerdo-019.pdf,ACUERDO Nº 019,
2022,https://www.concejodebarranquilla.gov.co/wp-content/uploads/2022/12/Acuerdo-0020.pdf,ACUERDO Nº 020,
2022,https://www.concejodebarranquilla.gov.co/wp-content/uploads/2022/12/Acuerdo-021.pdf,ACUERDO Nº 021,
2022,https://www.concejodebarranquilla.gov.co/wp-content/uploads/2022/12/Acuerdo-022.pdf,ACUERDO Nº 022,
2022,https://www.concejodebarranquilla.gov.co/wp-content/uploads/2022/12/Acuerdo023.pdf,ACUERDO Nº 023,
2022,https://www.concejodebarranquilla.gov.co/wp-content/uploads/2022/12/Acuerdo-024.pdf,ACUERDO Nº 024,
2022,https://www.concejodebarranquilla.gov.co/wp-content/uploads/2022/12/Acuerdo-025.pdf,ACUERDO Nº 025,
2022,https://www.concejodebarranquilla.gov.co/wp-content/uploads/2022/12/Acuerdo-N-026.pdf,ACUERDO Nº 026,
2022,https://www.concejodebarranquilla.gov.co/wp-content/uploads/2022/12/Acuerdo-0027-Presupuesto.pdf,ACUERDO Nº 027,
2022,https://www.concejodebarranquilla.gov.co/wp-content/uploads/2022/12/Acuerdo-N-0028-2022.pdf,ACUERDO Nº 028,
2022,https://www.concejodebarranquilla.gov.co/wp-content/uploads/2022/12/Acuerdo-0029-de-2022.pdf,ACUERDO Nº 029,
2023,https://www.concejodebarranquilla.gov.co/wp-content/uploads/2023/07/ACUERDO-0001-2023.pdf,"ACUERDO Nº 0001 DE 2023, “POR MEDIO DEL CUAL SE PROMUEVE LA FORMACIÓN EN PRIMEROS AUXILIOS PSICOLÓGIOS (PAP), A LOS ESTUDIANTES EN BÁSICA SECUNDARIA Y MEDIA, VINCULADOS A LAS INSTITUCIONES EDUCATIVAS OFICIALES ADSCRITAS AL DISTRITO DE BARRANQUILLA”.",
2023,https://www.concejodebarranquilla.gov.co/wp-content/uploads/2023/07/ACUERDO-0002-2023.pdf,"ACUERDO Nº 0002 DE 2023, “POR MEDIO DEL CUAL SE ESTABLECEN LOS LINEAMIENTOS PARA LA FORMULACIÓN, ADOPCIÓN E IMPLEMENTACIÓN DE POLÍTICAS PÚBLICAS DE ACTIVIDADES SEXUALES PAGADAS VIRTUALES O PRESENCIALES EN EL DISTRITO ESPECIAL, INDUSTRIAL Y PORTUARIO DE BARRANQUILLA Y SE DICTAN OTRAS DISPOSICIONES”",
2023,https://www.concejodebarranquilla.gov.co/wp-content/uploads/2023/08/Acuerdo-03-de-2023.pdf,"ACUERDO Nº 0003 DE 2023, “POR MEDIO DEL CUAL SE REGLAMENTAN LOS CRIADEROS Y LA COMERCIALIZACIÓN DE ANIMALES DOMÉSTICOS EN EL DISTRITO ESPECIAL, INDUSTRIAL Y PORTUARIO DE BARRANQUILLA”",
2023,https://www.concejodebarranquilla.gov.co/wp-content/uploads/2023/08/Acuerdo-04-de-2023.pdf,"ACUERDO Nº 0004 DE 2023, “POR MEDIO DEL CUAL SE ESTABLECE LA ADOPCIÓN Y EMISIÓN DE LA ESTAMPILLA PRO-HOSPITALES DE PRIMER Y SEGUNDO NIVEL DE ATENCIÓN EN EL DISTRITO ESPECIAL INDUSTRIAL Y PORTUARIO DE DISTRITO DE BARRANQUILLA, SE MODIFICA EL ESTATUTO TRIBUTARIO DISTRITAL (DECRETO 0119 DE 2019) Y SE DICTAN OTRAS DISPOSICIONES”",
2023,https://www.concejodebarranquilla.gov.co/wp-content/uploads/2023/12/ACUERDO-0005-DE-2023.pdf,"ACUERDO Nº 0005 DE 2023, “MEDIANTE EL CUAL SE EXPIDE EL PRESUPUESTO DE RENTAS Y GASTOS DEL DISTRITO ESPECIAL INDUSTRIAL Y PORTUARIO DE BARRANQUILLA PARA LA VIGENCIA FISCAL DEL 01 DE ENERO AL 31 DE DICIEMBRE DE 2024”",
2023,https://www.concejodebarranquilla.gov.co/wp-content/uploads/2023/12/ACUERDO-0006-DE-2023.pdf,"ACUERDO Nº 0006 DE 2023, “POR EL CUAL SE ADECÚA Y SE AJUSTA EL ESTATUTO TRIBUTARIO EN EL DISTRITO ESPECIAL INDUSTRIAL Y PORTUARIO DE BARRANQUILLA Y SE DICTAN OTRAS DISPOSICIONES”",
2024,https://www.concejodebarranquilla.gov.co/wp-content/uploads/dlm_uploads/2024/02/Acuerdo-0001-de-2024-¨POR-MEDIO-DEL-CUAL-SE-OTORGA-UN-CUPO-DE-ENDEUDAMIENTO-AL-DISTRITO-ESPECIAL-INDUSTRIAL-Y-PORTUARIO-DE-BARRANQUILLA-Y-SE-DICTAN-OTRAS-DISPOSICIONES¨.pdf,ACUERDO 0001 DE 2024,"POR MEDIO DEL CUAL SE OTORGA UN CUPO DE ENDEUDAMIENTO AL DISTRITO ESPECIAL, INDUSTRIAL Y PORTUARIO DE BARRANQUILLA Y SE DICTAN OTRAS DISPOSICIONES"
2024,https://www.concejodebarranquilla.gov.co/wp-content/uploads/dlm_uploads/2024/03/Acuerdo-0002-06-de-febrero-del-2024.pdf,ACUERDO 0002 DE 2024,POR EL CUAL SE ADICIONA UN INCISO AL ARTICULO 103 DEL ESTATUTO TRIBUTARIO DEL DISTRITO ESPECIAL INDDUSTRIAL Y PORTUARIO DE BARRANQUILLA – DECRETO 0119 DE 2019
2024,https://www.concejodebarranquilla.gov.co/wp-content/uploads/dlm_uploads/2024/03/Acuerdo-0003-22-de-febrero-de-2024.pdf,ACUERDO 0003 DE 2024,"POR EL CUAL SE CONCEDEN FACULTADES AL ALCALDE DEL DISTRITO ESPECIAL, INDUSTRIAL Y PORTUARIO DE BARRANQUILLA PARA PROMOVER EL DESARROLLO URBANO, FACILITAR LA FORMALIZACIÓN DE LA PROPIEDAD, EL ACCESO A LA VIVIENDA DIGNA Y EL MEJORAMIENTO DE LAS CONDICIONES DE VIDA DE LOS BARRANQUILLEROS"
2024,https://www.concejodebarranquilla.gov.co/wp-content/uploads/dlm_uploads/2024/03/ACTA-0004-DE-2024.pdf,ACUERDO 0004 DE 2024.,
2024,https://www.concejodebarranquilla.gov.co/wp-content/uploads/dlm_uploads/2024/03/ACUERDO-0005-DE-2024-POR-EL-CUAL-SE-ESTABLECEN-LINEAMIENTOS-Y-SE-ORDENAN-ACTUACIONES-A-FAVOR-DE-LA-POBLACION-CON-DISCAPACIDAD-AUDITIVA-Y-SE-DICTAN-OTRAS-DISPOSICIONES.pdf,ACUERDO 005 DE 2024 “POR EL CUAL SE ESTABLECEN LINEAMIENTOS Y SE ORDENAN ACTUACIONES A FAVOR DE LA POBLACIÓN CON DISCAPACIDAD AUDITIVA Y SE DICTAN OTRAS DISPOSICIONES”,
2024,https://www.concejodebarranquilla.gov.co/wp-content/uploads/dlm_uploads/2024/06/Acuerdo-No.-006-de-2024-POR-EL-CUAL-SE-ADOPTA-EL-PLAN-DE-DESARROLLO-TERRITORIAL-BARRANQUILLA-A-OTRO-NIVEL-2024-2027.pdf,"Acuerdo No. 006 de 2024, “POR EL CUAL SE ADOPTA EL PLAN DE DESARROLLO TERRITORIAL BARRANQUILLA A OTRO NIVEL 2024-2027”",
2024,https://www.concejodebarranquilla.gov.co/wp-content/uploads/dlm_uploads/2024/09/Acuerdo-007-de-2024-Medidas-promover-y-fortalecer-organismos-de-Accioon-Comunal.pdf,"Acuerdo No. 007 de 2024, “POR EL CUAL SE ADOPTAN MEDIDAS PARA PROMOVER Y FORTALECER LOS ORGANISMOS DE ACCIÓN COMUNAL EN EL DISTRITO DE BARRANQUILLA Y SE ESTABLECEN OTRAS DISPOSICIONES”",
2024,https://www.concejodebarranquilla.gov.co/wp-content/uploads/dlm_uploads/2024/09/Acuerdo-008-de-2024-modifica-Acuerdo-006-de-2022-comedores-sociales-y-comunitarios.pdf,"Acuerdo No. 008 de 2024, “POR EL CUAL SE MODIFICA Y ADICIONA PARCIALMENTE EL ACUERDO 006 DEL 19 DE JULIO DE 2022-DEL CONCEJO DE BARRANQUILLA, SE TRAZAN LINEAMIENTOS PARA LA PUESTA EN VIGENCIA DE LOS COMEDORES SOCIALES Y COMUNITARIOS Y SE ESTABLECEN OTRAS DISPOSICIONES”",
2024,https://www.concejodebarranquilla.gov.co/wp-content/uploads/dlm_uploads/2024/09/Acuerdo-009-de-2024-Estrategias-para-promover-y-apoyar-el-empleo-emprendimiento-innovacion-joven.pdf,"Acuerdo No. 009 de 2024, “POR MEDIO DEL CUAL SE CREAN ESTRATEGIAS PARA PROMOVER Y APOYAR EL EMPLEO, EL EMPRENDIMIENTO Y LA INNOVACIÓN DE LA POBLACIÓN JOVEN DEL DISTRITO DE BARRANQUILLA”",
2024,https://www.concejodebarranquilla.gov.co/wp-content/uploads/dlm_uploads/2024/09/Acuerdo-010-de-2024-CONSTRUCCION-POLITICA-PUBLICA-INTEGRAL-DE-LIBERTAD-RELIGIOSA-DE-CULTOS-Y-D.pdf,"Acuerdo No. 010 de 2024, “POR MEDIO DEL CUAL SE ADOPTA LOS LINEAMIENTOS PARA LA CONSTRUCCIÓN DE LA POLÍTICA PÚBLICA INTEGRAL DE LIBERTAD RELIGIOSA, DE CULTOS Y DE CONCIENCIA EN EL DISTRITO ESPECIAL, INDUSTRIAL Y PORTUARIO DE BARRANQUILLA, SE ORDENA SU IMPLEMENTACIÓN Y REGLAMENTACIÓN Y SE DICTAN OTRAS DISPOSICIONES”",
2024,https://www.concejodebarranquilla.gov.co/wp-content/uploads/dlm_uploads/2024/09/Acuerdo-011-de-2024-POLITICA-PREVENCION-Y-ATENCION-DEL-CONSUMO-DE-SUSTANCIAS-PSICOACTIVAS-EN-NINOS.pdf,"Acuerdo No. 011 de 2024, “POR MEDIO DEL CUAL SE DICTAN DIRECTRICES PARA LA ADOPCIÓN, INCORPORACIÓN E IMPLEMENTACIÓN DE UNA POLITICA INTEGRAL PARA LA PREVENCIÓN Y ATENCIÓN DEL CONSUMO DE SUSTANCIAS PSICOACTIVAS LICITAS E ILÍCITAS EN NIÑOS, NIÑAS ADOLESCENTES Y JÓVENES DEL DISTRITO DE BARRANQUILLA Y SE DICTAS OTRAS DISPOSICIONES”",
2024,https://www.concejodebarranquilla.gov.co/wp-content/uploads/dlm_uploads/2024/09/Acuerdo-012-de-2024-RECONOCIMIENTO-A-RESTAURANTES-DE-COMIDA-TIPICA-TRADICIONAL.pdf,"Acuerdo No. 012 de 2024, “POR MEDIO DEL CUAL  SE OTORGA UN RECONOCIMIENTO A RESTAURANTES DE COMIDA TÍPICA TRADICIONAL EN EL DISTRITO ESPECIAL, INDUSTRIAL Y PORTUARIO DE BARRANQUIILA Y SE DICTAN OTRAS DISPOSICIONES”",
2024,https://www.concejodebarranquilla.gov.co/wp-content/uploads/dlm_uploads/2024/09/Acuerdo-013-de-2024-PROMOCION-DESARROLLO-Y-FORTALECIMIENTO-DE-LA-CULTURA-CIUDADANA.pdf,"Acuerdo No. 013 de 2024, “POR EL CUAL SE DICTAN LINEAMIENTOS PARA LA PROMOCION, DESARROLLO Y FORTALECIMIENTO DE LA CULTURA CIUDADANA Y SE DICTAN OTRAS DISPOSICIONES”",
2024,https://www.concejodebarranquilla.gov.co/wp-content/uploads/dlm_uploads/2024/09/Acuerdo-014-de-2024-SEMANA-de-EMPRENDIMIENTO-ECOSISTEMA-EMPRESARIAL.pdf,"Acuerdo No. 014 de 2024, “POR EL CUAL SE DECLARA LA SEMANA DEL EMPRENDIMIENTO EN EL DISTRITO ESPECIAL, INDUSTRIAL Y PORTUARIO DE BARRANQUILLA PARA FORTALECER EL ECOSISTEMA EMPRESARIAL CON EL PROPOSITIO DE FOMENTAR LA INNOVACIÓN, EL DESARROLLO Y SE DICTAN OTRAS DOSPOSICIONES”",
2024,https://www.concejodebarranquilla.gov.co/wp-content/uploads/dlm_uploads/2024/11/ACUERDO-0015-DE-2024.pdf,"ACUERDO 015 DE 2024, “POR EL CUAL SE ADECÚA Y SE AJUSTA EL ESTATUTO TRIBUTARIO EN EL DISTRITO ESPECIAL INDUSTRIAL Y PORTUARIO DE BARRANQUILLA Y SE DICTAN OTRAS DISPOCISIONES”",
