title,summary,update_at,external_link,entity,created_at,classification_id,rtype_id,gtype,is_active
memorias institucionales 2022 – 2023,memorias institucionales 2022 – 2023,7/27/2023 20:18,https://adn.gob.do/transparencia/download/1584/memorias-institucionales/5275/memorias-institucionales-2022-2023.pdf,Alcaldía del distrito Nacional,7/27/2023 20:18,17,27,link,True
memorias 2020-2021,memorias 2020-2021,12/13/2021 16:07,https://adn.gob.do/transparencia/download/1584/memorias-institucionales/596/memorias-2020-2021.pdf,Alcaldía del distrito Nacional,6/4/2021 16:01,17,27,link,True
memoria de gestion 2023-2024,memoria de gestion 2023-2024,11/25/2024 15:39,https://adn.gob.do/transparencia/download/1584/memorias-institucionales/9798/memoria-de-gestion-2023-2024.pdf,Alcaldía del distrito Nacional,11/25/2024 15:37,17,27,link,True
"memoria de gestion 2021 - 2022, alcaldia del distrito nacional","memoria de gestion 2021 - 2022, alcaldia del distrito nacional",5/17/2022 13:14,https://adn.gob.do/transparencia/download/1584/memorias-institucionales/2144/memoria-de-gestion-2021-2022-alcaldia-del-distrito-nacional-3.pdf,Alcaldía del distrito Nacional,4/26/2022 19:33,17,27,link,True
"memoria de gestion 2019 - 2020, alcaldia del distrito nacional","memoria de gestion 2019 - 2020, alcaldia del distrito nacional",4/25/2023 16:09,https://adn.gob.do/transparencia/download/1584/memorias-institucionales/4666/memoria-de-gestion-2019-2020-alcaldia-del-distrito-nacional.pdf,Alcaldía del distrito Nacional,4/25/2023 16:05,17,27,link,True
documento plan municipal de desarrollo - 2020-2024,documento plan municipal de desarrollo - 2020-2024,10/30/2024 13:52,https://adn.gob.do/transparencia/download/1859/plan-de-desarrollo-municipalpdm/9710/documento-plan-municipal-de-desarrollo-2020-2024.pdf,Alcaldía del distrito Nacional,10/30/2024 13:51,17,26,link,True
plan estrategico del distrito nacional(27jul2020 ed22sep2021),plan estrategico del distrito nacional(27jul2020 ed22sep2021),12/13/2021 15:36,https://adn.gob.do/transparencia/download/109/plan-estrategico/549/plan-estrategico-del-distrito-nacional27jul2020-ed22sep2021.pdf,Alcaldía del distrito Nacional,9/22/2021 15:01,17,28,link,True
lineamientos del plan estrategico del distrito nacional 2030,lineamientos del plan estrategico del distrito nacional 2030,6/20/2022 15:58,https://adn.gob.do/transparencia/download/109/plan-estrategico/2406/lineamientos-del-plan-estrategico-del-distrito-nacional-2030.pdf,Alcaldía del distrito Nacional,6/20/2022 15:58,17,28,link,True
plan operativo anual 2024,plan operativo anual 2024,1/16/2024 16:41,https://adn.gob.do/transparencia/download/1573/2024/7711/plan-operativo-anual-2024.pdf,Alcaldía del distrito Nacional,1/16/2024 16:40,17,28,link,True
informe seguimiento poa t3 2024 julio - septiembre,informe seguimiento poa t3 2024 julio - septiembre,10/31/2024 18:23,https://adn.gob.do/transparencia/download/1574/informes/9712/informe-seguimiento-poa-t3-2024-julio-septiembre.pdf,Alcaldía del distrito Nacional,10/31/2024 18:22,17,13,link,True
informe seguimiento poa t2 2024 abril - junio,informe seguimiento poa t2 2024 abril - junio,8/2/2024 12:30,https://adn.gob.do/transparencia/download/1574/informes/9108/informe-seguimiento-poa-t2-2024-abril-junio.pdf,Alcaldía del distrito Nacional,8/2/2024 12:29,17,13,link,True
informe seguimiento poa t1 2024 enero - marzo,informe seguimiento poa t1 2024 enero - marzo,6/4/2024 20:15,https://adn.gob.do/transparencia/download/1574/infoforme-seguimientormes/8686/in-poa-t1-2024-enero-marzo.pdf,Alcaldía del distrito Nacional,6/4/2024 20:15,17,13,link,True
plan operativo anual 2023,plan operativo anual 2023,1/19/2023 19:44,https://adn.gob.do/transparencia/download/477/2023/3471/plan-operativo-anual-2023.pdf,Alcaldía del distrito Nacional,1/19/2023 19:42,17,28,link,True
informe seguimiento poa t4 2023 octubre - diciembre,informe seguimiento poa t4 2023 octubre - diciembre,2/5/2024 16:03,https://adn.gob.do/transparencia/download/932/informes/7837/informe-seguimiento-poa-t4-2023-octubre-diciembre.pdf,Alcaldía del distrito Nacional,2/5/2024 16:03,17,13,link,True
informe seguimiento poa t3 2023 julio - septiembre,informe seguimiento poa t3 2023 julio - septiembre,11/2/2023 14:32,https://adn.gob.do/transparencia/download/932/informes/7372/informe-seguimiento-poa-t3-2023-julio-septiembre.pdf,Alcaldía del distrito Nacional,11/2/2023 14:31,17,13,link,True
informe seguimiento poa t2-2023 (abril-junio),informe seguimiento poa t2-2023 (abril-junio),8/1/2023 12:42,https://adn.gob.do/transparencia/download/932/informes/5282/informe-seguimiento-poa-t2-2023-abril-junio.pdf,Alcaldía del distrito Nacional,8/1/2023 12:42,17,13,link,True
informe seguimiento poa t1-2023 (enero-marzo),informe seguimiento poa t1-2023 (enero-marzo),8/1/2023 12:42,https://adn.gob.do/transparencia/download/932/informes/5281/informe-seguimiento-poa-t1-2023-enero-marzo.pdf,Alcaldía del distrito Nacional,8/1/2023 12:42,17,13,link,True
plan operativo anual(poa)  2022,plan operativo anual(poa)  2022,4/26/2022 15:52,https://adn.gob.do/transparencia/download/475/2022/2143/plan-operativo-anualpoa-2022.pdf,Alcaldía del distrito Nacional,1/12/2022 15:51,17,28,link,True
guia para elaboracion y monitoreo de poa,guia para elaboracion y monitoreo de poa,6/20/2022 15:59,https://adn.gob.do/transparencia/download/475/2022/2407/guia-para-elaboracion-y-monitoreo-de-poa.pdf,Alcaldía del distrito Nacional,6/20/2022 15:58,17,13,link,True
guia para elaboracion memoria anual,guia para elaboracion memoria anual,6/20/2022 15:59,https://adn.gob.do/transparencia/download/475/2022/2405/guia-para-elaboracion-memoria-anual.pdf,Alcaldía del distrito Nacional,6/20/2022 15:58,17,13,link,True
ficha poa,ficha poa,6/20/2022 16:00,https://adn.gob.do/transparencia/download/475/2022/2408/ficha-poa.xls,Alcaldía del distrito Nacional,6/20/2022 15:58,17,13,link,True
informe de seguimiento poa 2022 (abril – junio).,informe de seguimiento poa 2022 (abril – junio).,7/29/2022 19:13,https://adn.gob.do/transparencia/download/476/informes/2542/informe-de-seguimiento-poa-2022-abril-junio.pdf,Alcaldía del distrito Nacional,7/29/2022 19:10,17,13,link,True
informe de seguimiento plan operativo (poa) octubre - diciembre 2022,informe de seguimiento plan operativo (poa) octubre - diciembre 2022,2/24/2023 14:19,https://adn.gob.do/transparencia/download/476/informes/3643/informe-de-seguimiento-plan-operativo-poa-octubre-diciembre-2022.pdf,Alcaldía del distrito Nacional,2/24/2023 14:18,17,13,link,True
informe de seguimiento poa 2022 t1 (enero – marzo).,informe de seguimiento poa 2022 t1 (enero – marzo).,7/1/2022 16:08,https://adn.gob.do/transparencia/download/476/informes/2451/informe-de-seguimiento-poa-2022-t1-enero-marzo.pdf,Alcaldía del distrito Nacional,7/1/2022 16:06,17,13,link,True
informe de seguimiento poa (julio - septiembre)t3-2022,informe de seguimiento poa (julio - septiembre)t3-2022,11/4/2022 12:58,https://adn.gob.do/transparencia/download/476/informes/3128/informe-de-seguimiento-poa-julio-septiembret3-2022.pdf,Alcaldía del distrito Nacional,11/4/2022 12:57,17,13,link,True
plan operativo anual(poa) 2021,plan operativo anual(poa) 2021,12/13/2021 15:36,https://adn.gob.do/transparencia/download/663/2021/581/plan-operativo-anualpoa-2021.pdf,Alcaldía del distrito Nacional,9/22/2021 15:33,17,28,link,True
plan operativo anual(poa) 2020,plan operativo anual(poa) 2020,4/20/2023 15:05,https://adn.gob.do/transparencia/download/769/2020/4515/plan-operativo-anualpoa-2020.pdf,Alcaldía del distrito Nacional,4/20/2023 15:04,17,28,link,True
plan operativo anual(poa) 2019,plan operativo anual(poa) 2019,4/20/2023 15:20,https://adn.gob.do/transparencia/download/770/2019/4516/plan-operativo-anualpoa-2019.pdf,Alcaldía del distrito Nacional,4/20/2023 15:08,17,28,link,True
plan operativo anual(poa) 2018,plan operativo anual(poa) 2018,4/20/2023 15:24,https://adn.gob.do/transparencia/download/771/2018/4517/plan-operativo-anualpoa-2018.pdf,Alcaldía del distrito Nacional,4/20/2023 15:23,17,28,link,True
resolucion no. 67 2023 que aprueba montos topes ppm 2024,resolucion no. 67 2023 que aprueba montos topes ppm 2024,3/26/2024 18:53,https://adn.gob.do/transparencia/download/1674/2024/8346/resolucion-no-67-2023-que-aprueba-montos-topes-ppm-2024.pdf,Alcaldía del distrito Nacional,3/26/2024 18:48,17,13,link,True
plan de inversion municipal - ppm  2024,plan de inversion municipal - ppm  2024,4/18/2024 19:54,https://adn.gob.do/transparencia/download/1674/2024/8471/plan-de-inversion-municipal-ppm-2024.pdf,Alcaldía del distrito Nacional,4/18/2024 19:54,17,28,link,True
informe rendicion de cuentas ppm-2024 enero - marzo 2024,informe rendicion de cuentas ppm-2024 enero - marzo 2024,4/12/2024 20:34,https://adn.gob.do/transparencia/download/1674/2024/8451/informe-rendicion-de-cuentas-ppm-2024-enero-marzo-2024.pdf,Alcaldía del distrito Nacional,4/12/2024 20:33,17,13,link,True
informe rendicion de cuentas ppm-2024 abril - junio 2024,informe rendicion de cuentas ppm-2024 abril - junio 2024,7/17/2024 19:52,https://adn.gob.do/transparencia/download/1674/2024/8984/informe-rendicion-de-cuentas-ppm-2024-abril-junio-2024.pdf,Alcaldía del distrito Nacional,7/17/2024 19:51,17,13,link,True
informe rendicion de cuentas avances o. ppm-2024 al 1 de septiembre 2024,informe rendicion de cuentas avances o. ppm-2024 al 1 de septiembre 2024,9/10/2024 14:43,https://adn.gob.do/transparencia/download/1674/2024/9282/informe-rendicion-de-cuentas-avances-o-ppm-2024-al-1-de-septiembre-2024.pdf,Alcaldía del distrito Nacional,9/10/2024 14:43,17,13,link,True
ca 01-2024 acta de cabildo abierto,ca 01-2024 acta de cabildo abierto,3/26/2024 18:52,https://adn.gob.do/transparencia/download/1674/2024/8347/ca-01-2024-acta-de-cabildo-abierto.pdf,Alcaldía del distrito Nacional,3/26/2024 18:48,17,13,link,True
14836 caecom srl - 20% avance,14836 caecom srl - 20% avance,9/10/2024 14:38,https://adn.gob.do/transparencia/download/1695/rendicion-de-cuentas-presupuesto-participativo-municipalppm/9281/14836-caecom-srl-20-avance.pdf,Alcaldía del distrito Nacional,9/10/2024 14:38,17,33,link,True
14823 consorcio vs magon srl -20% avance,14823 consorcio vs magon srl -20% avance,8/30/2024 15:57,https://adn.gob.do/transparencia/download/1695/rendicion-de-cuentas-presupuesto-participativo-municipalppm/9210/14823-consorcio-vs-magon-srl-20-avance.pdf,Alcaldía del distrito Nacional,8/30/2024 15:57,17,33,link,True
14817 construcciones servicios y disenos civiles dominic japt srl -20% avance,14817 construcciones servicios y disenos civiles dominic japt srl -20% avance,8/30/2024 15:57,https://adn.gob.do/transparencia/download/1695/rendicion-de-cuentas-presupuesto-participativo-municipalppm/9212/14817-construcciones-servicios-y-disenos-civiles-dominic-japt-srl-20-avance.pdf,Alcaldía del distrito Nacional,8/30/2024 15:57,17,33,link,True
14816 revicon srl -20% avance,14816 revicon srl -20% avance,8/30/2024 15:57,https://adn.gob.do/transparencia/download/1695/rendicion-de-cuentas-presupuesto-participativo-municipalppm/9215/14816-revicon-srl-20-avance.pdf,Alcaldía del distrito Nacional,8/30/2024 15:57,17,33,link,True
14815 construccion y transporte prefabricados eec srl -20% avance,14815 construccion y transporte prefabricados eec srl -20% avance,8/30/2024 15:57,https://adn.gob.do/transparencia/download/1695/rendicion-de-cuentas-presupuesto-participativo-municipalppm/9214/14815-construccion-y-transporte-prefabricados-eec-srl-20-avance.pdf,Alcaldía del distrito Nacional,8/30/2024 15:57,17,33,link,True
14813 constructora fixsa srl- 20% avance,14813 constructora fixsa srl- 20% avance,8/30/2024 15:57,https://adn.gob.do/transparencia/download/1695/rendicion-de-cuentas-presupuesto-participativo-municipalppm/9211/14813-constructora-fixsa-srl-20-avance.pdf,Alcaldía del distrito Nacional,8/30/2024 15:57,17,33,link,True
14812 constructora burgos lopez srl - 20% avance,14812 constructora burgos lopez srl - 20% avance,8/30/2024 15:57,https://adn.gob.do/transparencia/download/1695/rendicion-de-cuentas-presupuesto-participativo-municipalppm/9213/14812-constructora-burgos-lopez-srl-20-avance.pdf,Alcaldía del distrito Nacional,8/30/2024 15:57,17,33,link,True
rendicion de cuentas ppm enero -junio 2024,rendicion de cuentas ppm enero -junio 2024,10/23/2024 15:08,https://adn.gob.do/transparencia/download/1853/rendicion-de-cuentas-ppm-semestral/9673/rendicion-de-cuentas-ppm-enero-junio-2024.pdf,Alcaldía del distrito Nacional,10/23/2024 15:03,17,13,link,True
resolucion no. 49 2022. que aprueba montos tope a ppm 2023,resolucion no. 49 2022. que aprueba montos tope a ppm 2023,2/20/2023 18:25,https://adn.gob.do/transparencia/download/633/2023/3610/resolucion-no-49-2022-que-aprueba-montos-tope-a-ppm-2023-2.pdf,Alcaldía del distrito Nacional,2/20/2023 18:24,17,33,link,True
plan de inversion municipal - pim 2023,plan de inversion municipal - pim 2023,2/21/2023 19:45,https://adn.gob.do/transparencia/download/633/2023/3618/plan-de-inversion-municipal-pim-2023.pdf,Alcaldía del distrito Nacional,2/21/2023 19:45,17,26,link,True
fp-06 2023,fp-06 2023,2/21/2023 19:45,https://adn.gob.do/transparencia/download/633/2023/3616/fp-06-2023.pdf,Alcaldía del distrito Nacional,2/21/2023 19:45,17,13,link,True
ca-01 2023 acta de cabildo abierto,ca-01 2023 acta de cabildo abierto,2/21/2023 19:46,https://adn.gob.do/transparencia/download/633/2023/3617/ca-01-2023-acta-de-cabildo-abierto.pdf,Alcaldía del distrito Nacional,2/21/2023 19:45,17,13,link,True
informe rendicion de cuentas ppm  octubre - diciembre 2023,informe rendicion de cuentas ppm  octubre - diciembre 2023,1/17/2024 20:51,https://adn.gob.do/transparencia/download/880/informes/7734/informe-rendicion-de-cuentas-ppm-octubre-diciembre-2023.pdf,Alcaldía del distrito Nacional,1/17/2024 20:50,17,13,link,True
informe rendicion de cuentas ppm julio - septiembre 2023,informe rendicion de cuentas ppm julio - septiembre 2023,10/3/2023 20:23,https://adn.gob.do/transparencia/download/880/informes/7006/informe-rendicion-de-cuentas-ppm-julio-septiembre-2023.pdf,Alcaldía del distrito Nacional,10/3/2023 20:23,17,13,link,True
informe rendicion de cuentas ppm enero-mayo 2023,informe rendicion de cuentas ppm enero-mayo 2023,6/1/2023 15:50,https://adn.gob.do/transparencia/download/880/informes/4940/informe-rendicion-de-cuentas-ppm-enero-mayo-2023.pdf,Alcaldía del distrito Nacional,6/1/2023 15:48,17,13,link,True
informe rendicion de cuentas ppm abril - junio 2023,informe rendicion de cuentas ppm abril - junio 2023,7/31/2023 19:48,https://adn.gob.do/transparencia/download/880/informes/5280/informe-rendicion-de-cuentas-ppm-abril-junio-2023.pdf,Alcaldía del distrito Nacional,7/31/2023 19:47,17,13,link,True
"monval ingenieria, srl 20% avance","monval ingenieria, srl 20% avance",6/1/2023 15:51,https://adn.gob.do/transparencia/download/879/evidencias-de-pagos/4943/monval-ingenieria-srl-20-avance.pdf,Alcaldía del distrito Nacional,6/1/2023 15:51,17,33,link,True
"j. mendez construcciones, srl 20% avance","j. mendez construcciones, srl 20% avance",6/1/2023 15:51,https://adn.gob.do/transparencia/download/879/evidencias-de-pagos/4942/j-mendez-construcciones-srl-20-avance.pdf,Alcaldía del distrito Nacional,6/1/2023 15:51,17,33,link,True
"grupo biserici, srl 20% avance","grupo biserici, srl 20% avance",6/1/2023 15:51,https://adn.gob.do/transparencia/download/879/evidencias-de-pagos/4941/grupo-biserici-srl-20-avance.pdf,Alcaldía del distrito Nacional,6/1/2023 15:51,17,33,link,True
"dineba disenos interiores y ebanisteria, srl 20% avance","dineba disenos interiores y ebanisteria, srl 20% avance",6/1/2023 15:51,https://adn.gob.do/transparencia/download/879/evidencias-de-pagos/4945/dineba-disenos-interiores-y-ebanisteria-srl-20-avance.pdf,Alcaldía del distrito Nacional,6/1/2023 15:51,17,33,link,True
"constructora phd, srl 20% avance","constructora phd, srl 20% avance",6/1/2023 15:51,https://adn.gob.do/transparencia/download/879/evidencias-de-pagos/4946/constructora-phd-srl-20-avance.pdf,Alcaldía del distrito Nacional,6/1/2023 15:51,17,33,link,True
"conedeca, srl 20% avance","conedeca, srl 20% avance",6/1/2023 15:51,https://adn.gob.do/transparencia/download/879/evidencias-de-pagos/4944/conedeca-srl-20-avance.pdf,Alcaldía del distrito Nacional,6/1/2023 15:51,17,33,link,True
"14639 montval ingenieria, srl - cubicacion final","14639 montval ingenieria, srl - cubicacion final",1/17/2024 20:44,https://adn.gob.do/transparencia/download/1575/octubre-diciembre/7724/14639-montval-ingenieria-srl-cubicacion-final.pdf,Alcaldía del distrito Nacional,1/17/2024 20:44,17,33,link,True
"14633 dineba disenos interiores y ebanisteria, srl - cubicacion final","14633 dineba disenos interiores y ebanisteria, srl - cubicacion final",1/17/2024 20:44,https://adn.gob.do/transparencia/download/1575/octubre-diciembre/7722/14633-dineba-disenos-interiores-y-ebanisteria-srl-cubicacion-final.pdf,Alcaldía del distrito Nacional,1/17/2024 20:44,17,33,link,True
"14631 grupo bisirici, srl - cubicacion final","14631 grupo bisirici, srl - cubicacion final",1/17/2024 20:44,https://adn.gob.do/transparencia/download/1575/octubre-diciembre/7723/14631-grupo-bisirici-srl-cubicacion-final.pdf,Alcaldía del distrito Nacional,1/17/2024 20:44,17,33,link,True
14622 conedeca - cubicacion final,14622 conedeca - cubicacion final,1/17/2024 20:44,https://adn.gob.do/transparencia/download/1575/octubre-diciembre/7720/14622-conedeca-cubicacion-final.pdf,Alcaldía del distrito Nacional,1/17/2024 20:44,17,33,link,True
"14608 constructora phd, srl - cubicacion final","14608 constructora phd, srl - cubicacion final",1/17/2024 20:44,https://adn.gob.do/transparencia/download/1575/octubre-diciembre/7721/14608-constructora-phd-srl-cubicacion-final.pdf,Alcaldía del distrito Nacional,1/17/2024 20:44,17,33,link,True
"14605 construcion y transporte prefabricados, eec, srl - cubicacion final","14605 construcion y transporte prefabricados, eec, srl - cubicacion final",1/17/2024 20:44,https://adn.gob.do/transparencia/download/1575/octubre-diciembre/7718/14605-construcion-y-transporte-prefabricados-eec-srl-cubicacion-final.pdf,Alcaldía del distrito Nacional,1/17/2024 20:44,17,33,link,True
"14601 j. mendez construcciones, srl - cubicacion final","14601 j. mendez construcciones, srl - cubicacion final",1/17/2024 20:44,https://adn.gob.do/transparencia/download/1575/octubre-diciembre/7715/14601-j-mendez-construcciones-srl-cubicacion-final.pdf,Alcaldía del distrito Nacional,1/17/2024 20:44,17,33,link,True
"14572 montval ingenieria, srl - 3ra cubicacion","14572 montval ingenieria, srl - 3ra cubicacion",1/17/2024 20:44,https://adn.gob.do/transparencia/download/1575/octubre-diciembre/7716/14572-montval-ingenieria-srl-3ra-cubicacion.pdf,Alcaldía del distrito Nacional,1/17/2024 20:44,17,33,link,True
"14565 construccion y transporte prefabricados, eec, srl - 2da cubicacion","14565 construccion y transporte prefabricados, eec, srl - 2da cubicacion",1/17/2024 20:44,https://adn.gob.do/transparencia/download/1575/octubre-diciembre/7719/14565-construccion-y-transporte-prefabricados-eec-srl-2da-cubicacion.pdf,Alcaldía del distrito Nacional,1/17/2024 20:44,17,33,link,True
"14564 dineba disenos interiores y ebanisteria, srl - 2da cubicacion","14564 dineba disenos interiores y ebanisteria, srl - 2da cubicacion",1/17/2024 20:44,https://adn.gob.do/transparencia/download/1575/octubre-diciembre/7714/14564-dineba-disenos-interiores-y-ebanisteria-srl-2da-cubicacion.pdf,Alcaldía del distrito Nacional,1/17/2024 20:44,17,33,link,True
"14553 constructora phd, srl - 2da  cubicacion","14553 constructora phd, srl - 2da  cubicacion",1/17/2024 20:44,https://adn.gob.do/transparencia/download/1575/octubre-diciembre/7717/14553-constructora-phd-srl-2da-cubicacion.pdf,Alcaldía del distrito Nacional,1/17/2024 20:44,17,33,link,True
"14551 j. mendez construcciones, srl - 2da cubicacion","14551 j. mendez construcciones, srl - 2da cubicacion",1/17/2024 20:44,https://adn.gob.do/transparencia/download/1575/octubre-diciembre/7726/14551-j-mendez-construcciones-srl-2da-cubicacion.pdf,Alcaldía del distrito Nacional,1/17/2024 20:44,17,33,link,True
"14544 grupo biserici, srl - 1ra cubicacion","14544 grupo biserici, srl - 1ra cubicacion",1/17/2024 20:44,https://adn.gob.do/transparencia/download/1575/octubre-diciembre/7725/14544-grupo-biserici-srl-1ra-cubicacion.pdf,Alcaldía del distrito Nacional,1/17/2024 20:44,17,33,link,True
"14504 dineba disenos interiores y ebanisteria, srl 1ra c","14504 dineba disenos interiores y ebanisteria, srl 1ra c",10/3/2023 20:24,https://adn.gob.do/transparencia/download/1464/julio-septiembre/7012/14504-dineba-disenos-interiores-y-ebanisteria-srl-1ra-c.pdf,Alcaldía del distrito Nacional,10/3/2023 20:24,17,33,link,True
"14493 montval ingenieria, srl  2da c","14493 montval ingenieria, srl  2da c",10/3/2023 20:24,https://adn.gob.do/transparencia/download/1464/julio-septiembre/7009/14493-montval-ingenieria-srl-2da-c.pdf,Alcaldía del distrito Nacional,10/3/2023 20:24,17,33,link,True
14485 conedecan srl 1ra c,14485 conedecan srl 1ra c,10/3/2023 20:24,https://adn.gob.do/transparencia/download/1464/julio-septiembre/7011/14485-conedecan-srl-1ra-c.pdf,Alcaldía del distrito Nacional,10/3/2023 20:24,17,33,link,True
"14484 constructora phd, srl 1ra c","14484 constructora phd, srl 1ra c",10/3/2023 20:24,https://adn.gob.do/transparencia/download/1464/julio-septiembre/7008/14484-constructora-phd-srl-1ra-c.pdf,Alcaldía del distrito Nacional,10/3/2023 20:24,17,33,link,True
14483 construcciones y transporte prefabricados 1ra c,14483 construcciones y transporte prefabricados 1ra c,10/3/2023 20:24,https://adn.gob.do/transparencia/download/1464/julio-septiembre/7007/14483-construcciones-y-transporte-prefabricados-1ra-c.pdf,Alcaldía del distrito Nacional,10/3/2023 20:24,17,33,link,True
14473 j. mendez construcciones  1ra c,14473 j. mendez construcciones  1ra c,10/3/2023 20:24,https://adn.gob.do/transparencia/download/1464/julio-septiembre/7013/14473-j-mendez-construcciones-1ra-c.pdf,Alcaldía del distrito Nacional,10/3/2023 20:24,17,33,link,True
"14462 montval ingenieria, srl 1ra c","14462 montval ingenieria, srl 1ra c",10/3/2023 20:24,https://adn.gob.do/transparencia/download/1464/julio-septiembre/7010/14462-montval-ingenieria-srl-1ra-c.pdf,Alcaldía del distrito Nacional,10/3/2023 20:24,17,33,link,True
"dineba disenos interiores y ebanisteria, srl 20% avance","dineba disenos interiores y ebanisteria, srl 20% avance",1/17/2024 20:49,https://adn.gob.do/transparencia/download/1576/abril-junio/7731/dineba-disenos-interiores-y-ebanisteria-srl-20-avance-2.pdf,Alcaldía del distrito Nacional,1/17/2024 20:49,17,33,link,True
"constructora phd, srl 20% avance","constructora phd, srl 20% avance",1/17/2024 20:49,https://adn.gob.do/transparencia/download/1576/abril-junio/7733/constructora-phd-srl-20-avance-2.pdf,Alcaldía del distrito Nacional,1/17/2024 20:49,17,33,link,True
"conedeca, srl 20% avance","conedeca, srl 20% avance",1/17/2024 20:49,https://adn.gob.do/transparencia/download/1576/abril-junio/7732/conedeca-srl-20-avance-2.pdf,Alcaldía del distrito Nacional,1/17/2024 20:49,17,33,link,True
resolucion no-42-2021- que aprueba monto y tope para ppm 2022,resolucion no-42-2021- que aprueba monto y tope para ppm 2022,4/4/2022 16:08,https://adn.gob.do/transparencia/download/479/2022/1921/resolucion-no-42-2021-que-aprueba-monto-y-tope-para-ppm-2022.pdf,Alcaldía del distrito Nacional,1/14/2022 16:05,17,33,link,True
plan de inversion municipal para  2022,plan de inversion municipal para  2022,4/4/2022 16:07,https://adn.gob.do/transparencia/download/479/2022/1919/plan-de-inversion-municipal-para-2022.pdf,Alcaldía del distrito Nacional,1/14/2022 16:05,17,26,link,True
plan de inversion municipal presupuesto participativo ano 2022,plan de inversion municipal presupuesto participativo ano 2022,4/4/2022 16:25,https://adn.gob.do/transparencia/download/479/2022/1922/plan-de-inversion-municipal-presupuesto-participativo-ano-2022.pdf,Alcaldía del distrito Nacional,2/21/2022 16:24,17,26,link,True
fp-06,fp-06,4/4/2022 16:05,https://adn.gob.do/transparencia/download/479/2022/1920/fp-06.pdf,Alcaldía del distrito Nacional,4/4/2022 16:05,17,33,link,True
asambleas comunitarias-participacion por genero,asambleas comunitarias-participacion por genero,4/4/2022 16:06,https://adn.gob.do/transparencia/download/479/2022/1917/asambleas-comunitarias-participacion-por-genero.pdf,Alcaldía del distrito Nacional,1/14/2022 16:05,17,29,link,True
adn juramenta comite e inicia asambleas de presupuesto participativo municipal 2022,adn juramenta comite e inicia asambleas de presupuesto participativo municipal 2022,4/4/2022 16:06,https://adn.gob.do/transparencia/download/479/2022/1918/adn-juramenta-comite-e-inicia-asambleas-de-presupuesto-participativo-municipal-2022.pdf,Alcaldía del distrito Nacional,1/14/2022 16:05,17,20,link,True
"construcciones servicios y  disenos dominic japt, srl 20% avance","construcciones servicios y  disenos dominic japt, srl 20% avance",9/9/2022 19:44,https://adn.gob.do/transparencia/download/481/evidencias-de-pagos/2758/construcciones-servicios-y-disenos-dominic-japt-srl-20-avance.pdf,Alcaldía del distrito Nacional,9/9/2022 19:44,17,33,link,True
"aquino moreno construcciones, srl 20% avance","aquino moreno construcciones, srl 20% avance",9/9/2022 19:45,https://adn.gob.do/transparencia/download/481/evidencias-de-pagos/2757/aquino-moreno-construcciones-srl-20-avance.pdf,Alcaldía del distrito Nacional,9/9/2022 19:44,17,33,link,True
informe de rendicion de cuentas ppm 2022 t1 (enero – abril).,informe de rendicion de cuentas ppm 2022 t1 (enero – abril).,7/1/2022 16:09,https://adn.gob.do/transparencia/download/480/informes/2452/informe-de-rendicion-de-cuentas-ppm-2022-t1-enero-abril.pdf,Alcaldía del distrito Nacional,7/1/2022 16:08,17,13,link,True
informe rendicion de cuentas ppm 2022 (enero - agosto),informe rendicion de cuentas ppm 2022 (enero - agosto),9/9/2022 19:43,https://adn.gob.do/transparencia/download/480/informes/2756/informe-rendicion-de-cuentas-ppm-2022-enero-agosto.pdf,Alcaldía del distrito Nacional,9/9/2022 19:42,17,13,link,True
informe rendicion de cuentas ppm22 enero a diciembre  2022,informe rendicion de cuentas ppm22 enero a diciembre  2022,2/13/2023 20:01,https://adn.gob.do/transparencia/download/480/informes/3524/informe-rendicion-de-cuentas-ppm22-enero-a-diciembre-2022.pdf,Alcaldía del distrito Nacional,2/13/2023 20:01,17,13,link,True
rendicion de cuentas segundo trimestre 2021,rendicion de cuentas segundo trimestre 2021,4/20/2023 15:58,https://adn.gob.do/transparencia/download/772/2021/4520/rendicion-de-cuentas-segundo-trimestre-2021.pdf,Alcaldía del distrito Nacional,4/20/2023 15:53,17,26,link,True
rendicion de cuenta ppm 2021,rendicion de cuenta ppm 2021,4/20/2023 15:55,https://adn.gob.do/transparencia/download/772/2021/4518/rendicion-de-cuenta-ppm-2021.pdf,Alcaldía del distrito Nacional,4/20/2023 15:53,17,26,link,True
plan de inversion 2021 - fp06,plan de inversion 2021 - fp06,4/20/2023 15:53,https://adn.gob.do/transparencia/download/772/2021/4519/plan-de-inversion-2021-fp06.pdf,Alcaldía del distrito Nacional,4/20/2023 15:53,17,28,link,True
analisis ejecucion obras t3 2021,analisis ejecucion obras t3 2021,4/20/2023 15:58,https://adn.gob.do/transparencia/download/772/2021/4521/analisis-ejecucion-obras-t3-2021.pdf,Alcaldía del distrito Nacional,4/20/2023 15:54,17,28,link,True
inversiones lavaber srl,inversiones lavaber srl,4/20/2023 16:08,https://adn.gob.do/transparencia/download/776/t3-2021/4529/inversiones-lavaber-srl.pdf,Alcaldía del distrito Nacional,4/20/2023 16:06,17,33,link,True
enriqueta ceballos,enriqueta ceballos,4/20/2023 16:07,https://adn.gob.do/transparencia/download/776/t3-2021/4527/enriqueta-ceballos.pdf,Alcaldía del distrito Nacional,4/20/2023 16:06,17,33,link,True
constructora convesta srl,constructora convesta srl,4/20/2023 16:07,https://adn.gob.do/transparencia/download/776/t3-2021/4530/constructora-convesta-srl.pdf,Alcaldía del distrito Nacional,4/20/2023 16:06,17,33,link,True
consorcio alfyll srl,consorcio alfyll srl,4/20/2023 16:07,https://adn.gob.do/transparencia/download/776/t3-2021/4528/consorcio-alfyll-srl.pdf,Alcaldía del distrito Nacional,4/20/2023 16:06,17,33,link,True
"artiex, srl","artiex, srl",4/20/2023 16:06,https://adn.gob.do/transparencia/download/776/t3-2021/4526/artiex-srl.pdf,Alcaldía del distrito Nacional,4/20/2023 16:06,17,33,link,True
leinbnz garisbaldy ogando camilo,leinbnz garisbaldy ogando camilo,4/20/2023 16:11,https://adn.gob.do/transparencia/download/775/t2-2021/4531/leinbnz-garisbaldy-ogando-camilo.pdf,Alcaldía del distrito Nacional,4/20/2023 16:10,17,33,link,True
isarab disenos,isarab disenos,4/20/2023 16:01,https://adn.gob.do/transparencia/download/774/t1-2021/4524/isarab-disenos.pdf,Alcaldía del distrito Nacional,4/20/2023 16:01,17,33,link,True
enriqueta ceballos de taveras,enriqueta ceballos de taveras,4/20/2023 16:02,https://adn.gob.do/transparencia/download/774/t1-2021/4522/enriqueta-ceballos-de-taveras.pdf,Alcaldía del distrito Nacional,4/20/2023 16:01,17,33,link,True
constructora irgonza,constructora irgonza,4/20/2023 16:02,https://adn.gob.do/transparencia/download/774/t1-2021/4523/constructora-irgonza.pdf,Alcaldía del distrito Nacional,4/20/2023 16:01,17,33,link,True
evidencia de obras ppm t4 2020,evidencia de obras ppm t4 2020,4/20/2023 16:17,https://adn.gob.do/transparencia/download/777/2020/4532/evidencia-de-obras-ppm-t4-2020.pdf,Alcaldía del distrito Nacional,4/20/2023 16:17,17,33,link,True
listado de participantes del ensanche quisqueya,listado de participantes del ensanche quisqueya,4/20/2023 16:34,https://adn.gob.do/transparencia/download/778/actas-asambleas-circunscripcion-1-ano-2010/4539/listado-de-participantes-del-ensanche-quisqueya.pdf,Alcaldía del distrito Nacional,4/20/2023 16:30,17,13,link,True
listado de participantes del cacique,listado de participantes del cacique,4/20/2023 16:33,https://adn.gob.do/transparencia/download/778/actas-asambleas-circunscripcion-1-ano-2010/4537/listado-de-participantes-del-cacique.pdf,Alcaldía del distrito Nacional,4/20/2023 16:30,17,13,link,True
listado de participantes ciudad colonial,listado de participantes ciudad colonial,4/20/2023 16:32,https://adn.gob.do/transparencia/download/778/actas-asambleas-circunscripcion-1-ano-2010/4540/listado-de-participantes-ciudad-colonial.pdf,Alcaldía del distrito Nacional,4/20/2023 16:30,17,13,link,True
acta asamblea quisqueya,acta asamblea quisqueya,4/20/2023 16:32,https://adn.gob.do/transparencia/download/778/actas-asambleas-circunscripcion-1-ano-2010/4538/acta-asamblea-quisqueya.pdf,Alcaldía del distrito Nacional,4/20/2023 16:30,17,29,link,True
acta asamblea honduras el oeste,acta asamblea honduras el oeste,4/20/2023 16:31,https://adn.gob.do/transparencia/download/778/actas-asambleas-circunscripcion-1-ano-2010/4536/acta-asamblea-honduras-el-oeste.pdf,Alcaldía del distrito Nacional,4/20/2023 16:30,17,29,link,True
acta asamblea el cacique 2,acta asamblea el cacique 2,4/20/2023 16:27,https://adn.gob.do/transparencia/download/778/actas-asambleas-circunscripcion-1-ano-2010/4534/acta-asamblea-el-cacique-2.pdf,Alcaldía del distrito Nacional,4/20/2023 16:25,17,29,link,True
acta asamblea el cacique 1,acta asamblea el cacique 1,4/20/2023 16:26,https://adn.gob.do/transparencia/download/778/actas-asambleas-circunscripcion-1-ano-2010/4535/acta-asamblea-el-cacique-1.pdf,Alcaldía del distrito Nacional,4/20/2023 16:25,17,29,link,True
acta asamblea ciudad colonial,acta asamblea ciudad colonial,4/20/2023 16:26,https://adn.gob.do/transparencia/download/778/actas-asambleas-circunscripcion-1-ano-2010/4533/acta-asamblea-ciudad-colonial.pdf,Alcaldía del distrito Nacional,4/20/2023 16:25,17,29,link,True
listado de participantes los rios,listado de participantes los rios,4/20/2023 16:43,https://adn.gob.do/transparencia/download/779/actas-asambleas-circunscripcion-2-ano-2010/4545/listado-de-participantes-los-rios.pdf,Alcaldía del distrito Nacional,4/20/2023 16:41,17,13,link,True
acta asamblea palma real,acta asamblea palma real,4/20/2023 16:41,https://adn.gob.do/transparencia/download/779/actas-asambleas-circunscripcion-2-ano-2010/4546/acta-asamblea-palma-real.pdf,Alcaldía del distrito Nacional,4/20/2023 16:41,17,29,link,True
acta asamblea los rios,acta asamblea los rios,4/20/2023 16:41,https://adn.gob.do/transparencia/download/779/actas-asambleas-circunscripcion-2-ano-2010/4541/acta-asamblea-los-rios.pdf,Alcaldía del distrito Nacional,4/20/2023 16:41,17,29,link,True
acta asamblea los peralejos,acta asamblea los peralejos,4/20/2023 16:41,https://adn.gob.do/transparencia/download/779/actas-asambleas-circunscripcion-2-ano-2010/4542/acta-asamblea-los-peralejos.pdf,Alcaldía del distrito Nacional,4/20/2023 16:41,17,29,link,True
acta asamblea ensanche la fe,acta asamblea ensanche la fe,4/20/2023 16:41,https://adn.gob.do/transparencia/download/779/actas-asambleas-circunscripcion-2-ano-2010/4544/acta-asamblea-ensanche-la-fe.pdf,Alcaldía del distrito Nacional,4/20/2023 16:41,17,29,link,True
acta asamblea cristo rey,acta asamblea cristo rey,4/20/2023 16:42,https://adn.gob.do/transparencia/download/779/actas-asambleas-circunscripcion-2-ano-2010/4543/acta-asamblea-cristo-rey.pdf,Alcaldía del distrito Nacional,4/20/2023 16:41,17,29,link,True
simon bolivar-acta de asamblea,simon bolivar-acta de asamblea,4/20/2023 17:16,https://adn.gob.do/transparencia/download/780/actas-asambleas-circunscripcion-3-ano-2010/4559/simon-bolivar-acta-de-asamblea.pdf,Alcaldía del distrito Nacional,4/20/2023 17:16,17,29,link,True
listado de participantes villa francisca,listado de participantes villa francisca,4/20/2023 18:34,https://adn.gob.do/transparencia/download/780/actas-asambleas-circunscripcion-3-ano-2010/4556/listado-de-participantes-villa-francisca.pdf,Alcaldía del distrito Nacional,4/20/2023 17:15,17,13,link,True
listado de participantes simon bolivar,listado de participantes simon bolivar,4/20/2023 18:34,https://adn.gob.do/transparencia/download/780/actas-asambleas-circunscripcion-3-ano-2010/4554/listado-de-participantes-simon-bolivar.pdf,Alcaldía del distrito Nacional,4/20/2023 17:15,17,13,link,True
listado de participantes la zurza,listado de participantes la zurza,4/20/2023 18:34,https://adn.gob.do/transparencia/download/780/actas-asambleas-circunscripcion-3-ano-2010/4555/listado-de-participantes-la-zurza.pdf,Alcaldía del distrito Nacional,4/20/2023 17:15,17,13,link,True
listado de participantes gualey,listado de participantes gualey,4/20/2023 18:33,https://adn.gob.do/transparencia/download/780/actas-asambleas-circunscripcion-3-ano-2010/4557/listado-de-participantes-gualey.pdf,Alcaldía del distrito Nacional,4/20/2023 17:15,17,13,link,True
listado de participantes capotillo,listado de participantes capotillo,4/20/2023 18:30,https://adn.gob.do/transparencia/download/780/actas-asambleas-circunscripcion-3-ano-2010/4558/listado-de-participantes-capotillo.pdf,Alcaldía del distrito Nacional,4/20/2023 17:15,17,13,link,True
listado de participantes 27 de febrero,listado de participantes 27 de febrero,4/20/2023 18:29,https://adn.gob.do/transparencia/download/780/actas-asambleas-circunscripcion-3-ano-2010/4553/listado-de-participantes-27-de-febrero.pdf,Alcaldía del distrito Nacional,4/20/2023 17:15,17,13,link,True
listado de participantes 24 de abril,listado de participantes 24 de abril,4/20/2023 18:29,https://adn.gob.do/transparencia/download/780/actas-asambleas-circunscripcion-3-ano-2010/4551/listado-de-participantes-24-de-abril.pdf,Alcaldía del distrito Nacional,4/20/2023 17:15,17,13,link,True
acta asamblea villas agricolas,acta asamblea villas agricolas,4/20/2023 18:29,https://adn.gob.do/transparencia/download/780/actas-asambleas-circunscripcion-3-ano-2010/4552/acta-asamblea-villas-agricolas.pdf,Alcaldía del distrito Nacional,4/20/2023 17:15,17,29,link,True
acta asamblea villa francisca,acta asamblea villa francisca,4/20/2023 18:28,https://adn.gob.do/transparencia/download/780/actas-asambleas-circunscripcion-3-ano-2010/4550/acta-asamblea-villa-francisca.pdf,Alcaldía del distrito Nacional,4/20/2023 17:15,17,29,link,True
acta asamblea los guandules,acta asamblea los guandules,4/20/2023 18:26,https://adn.gob.do/transparencia/download/780/actas-asambleas-circunscripcion-3-ano-2010/4548/acta-asamblea-los-guandules.pdf,Alcaldía del distrito Nacional,4/20/2023 17:15,17,29,link,True
acta asamblea la zurza,acta asamblea la zurza,4/20/2023 18:27,https://adn.gob.do/transparencia/download/780/actas-asambleas-circunscripcion-3-ano-2010/4547/acta-asamblea-la-zurza.pdf,Alcaldía del distrito Nacional,4/20/2023 17:15,17,29,link,True
acta asamblea gualey,acta asamblea gualey,4/20/2023 18:27,https://adn.gob.do/transparencia/download/780/actas-asambleas-circunscripcion-3-ano-2010/4549/acta-asamblea-gualey.pdf,Alcaldía del distrito Nacional,4/20/2023 17:15,17,29,link,True
acta asamblea capotillo,acta asamblea capotillo,4/20/2023 17:16,https://adn.gob.do/transparencia/download/780/actas-asambleas-circunscripcion-3-ano-2010/4560/acta-asamblea-capotillo.pdf,Alcaldía del distrito Nacional,4/20/2023 17:16,17,29,link,True
acta asamblea 27 de febrero,acta asamblea 27 de febrero,4/20/2023 17:16,https://adn.gob.do/transparencia/download/780/actas-asambleas-circunscripcion-3-ano-2010/4562/acta-asamblea-27-de-febrero.pdf,Alcaldía del distrito Nacional,4/20/2023 17:16,17,29,link,True
acta asamblea 24 de abril,acta asamblea 24 de abril,4/20/2023 18:26,https://adn.gob.do/transparencia/download/780/actas-asambleas-circunscripcion-3-ano-2010/4561/acta-asamblea-24-de-abril.pdf,Alcaldía del distrito Nacional,4/20/2023 17:16,17,29,link,True
listado de participantes nordesa iii,listado de participantes nordesa iii,4/20/2023 19:07,https://adn.gob.do/transparencia/download/781/actas-asambleas-circunscripcion-1-ano-2011/4563/listado-de-participantes-nordesa-iii.pdf,Alcaldía del distrito Nacional,4/20/2023 19:06,17,13,link,True
acta asamblea nordesa iii,acta asamblea nordesa iii,4/20/2023 19:07,https://adn.gob.do/transparencia/download/781/actas-asambleas-circunscripcion-1-ano-2011/4564/acta-asamblea-nordesa-iii.pdf,Alcaldía del distrito Nacional,4/20/2023 19:06,17,29,link,True
asamblea villa claudia y mirador de las colinas,asamblea villa claudia y mirador de las colinas,4/20/2023 19:35,https://adn.gob.do/transparencia/download/782/actas-asambleas-circunscripcion-2-ano-2011/4567/asamblea-villa-claudia-y-mirador-de-las-colinas.pdf,Alcaldía del distrito Nacional,4/20/2023 19:35,17,29,link,True
asamblea listado villa claudia y mirador de las colinas-3,asamblea listado villa claudia y mirador de las colinas-3,4/20/2023 19:35,https://adn.gob.do/transparencia/download/782/actas-asambleas-circunscripcion-2-ano-2011/4566/asamblea-listado-villa-claudia-y-mirador-de-las-colinas-3.pdf,Alcaldía del distrito Nacional,4/20/2023 19:35,17,29,link,True
asamblea listado  la puya a.h.,asamblea listado  la puya a.h.,4/20/2023 19:35,https://adn.gob.do/transparencia/download/782/actas-asambleas-circunscripcion-2-ano-2011/4565/asamblea-listado-la-puya-a-h.pdf,Alcaldía del distrito Nacional,4/20/2023 19:35,17,29,link,True
asamblea la puya a.h,asamblea la puya a.h,4/20/2023 19:35,https://adn.gob.do/transparencia/download/782/actas-asambleas-circunscripcion-2-ano-2011/4568/asamblea-la-puya-a-h.pdf,Alcaldía del distrito Nacional,4/20/2023 19:35,17,29,link,True
listado de participantes villa maria y mejoramiento social,listado de participantes villa maria y mejoramiento social,4/20/2023 19:48,https://adn.gob.do/transparencia/download/783/actas-asambleas-circunscripcion-3-ano-2011/4569/listado-de-participantes-villa-maria-y-mejoramiento-social.pdf,Alcaldía del distrito Nacional,4/20/2023 19:40,17,13,link,True
listado de participantes villa consuelo,listado de participantes villa consuelo,4/20/2023 19:48,https://adn.gob.do/transparencia/download/783/actas-asambleas-circunscripcion-3-ano-2011/4575/listado-de-participantes-villa-consuelo.pdf,Alcaldía del distrito Nacional,4/20/2023 19:40,17,13,link,True
listado de participantes maria auxiliadora y guachupita,listado de participantes maria auxiliadora y guachupita,4/20/2023 19:48,https://adn.gob.do/transparencia/download/783/actas-asambleas-circunscripcion-3-ano-2011/4574/listado-de-participantes-maria-auxiliadora-y-guachupita.pdf,Alcaldía del distrito Nacional,4/20/2023 19:40,17,13,link,True
listado de participantes la cienega,listado de participantes la cienega,4/20/2023 19:47,https://adn.gob.do/transparencia/download/783/actas-asambleas-circunscripcion-3-ano-2011/4573/listado-de-participantes-la-cienega.pdf,Alcaldía del distrito Nacional,4/20/2023 19:40,17,13,link,True
acta asamblea villa maria y mejoramiento social,acta asamblea villa maria y mejoramiento social,4/20/2023 19:42,https://adn.gob.do/transparencia/download/783/actas-asambleas-circunscripcion-3-ano-2011/4572/acta-asamblea-villa-maria-y-mejoramiento-social.pdf,Alcaldía del distrito Nacional,4/20/2023 19:40,17,20,link,True
acta asamblea villa consuelo,acta asamblea villa consuelo,4/20/2023 19:43,https://adn.gob.do/transparencia/download/783/actas-asambleas-circunscripcion-3-ano-2011/4570/acta-asamblea-villa-consuelo.pdf,Alcaldía del distrito Nacional,4/20/2023 19:40,17,20,link,True
acta asamblea maria auxiliadora y guachupita,acta asamblea maria auxiliadora y guachupita,4/20/2023 19:46,https://adn.gob.do/transparencia/download/783/actas-asambleas-circunscripcion-3-ano-2011/4576/acta-asamblea-maria-auxiliadora-y-guachupita.pdf,Alcaldía del distrito Nacional,4/20/2023 19:40,17,20,link,True
acta asamblea la cienega,acta asamblea la cienega,4/20/2023 19:42,https://adn.gob.do/transparencia/download/783/actas-asambleas-circunscripcion-3-ano-2011/4571/acta-asamblea-la-cienega.pdf,Alcaldía del distrito Nacional,4/20/2023 19:40,17,20,link,True
taller promotores,taller promotores,4/20/2023 20:12,https://adn.gob.do/transparencia/download/784/mas-documentos/4585/taller-promotores.pdf,Alcaldía del distrito Nacional,4/20/2023 20:07,17,13,link,True
resumen presupuesto participativo al 31 agosto 2011,resumen presupuesto participativo al 31 agosto 2011,4/20/2023 20:17,https://adn.gob.do/transparencia/download/784/mas-documentos/4584/resumen-presupuesto-participativo-al-31-agosto-2011.pdf,Alcaldía del distrito Nacional,4/20/2023 20:07,17,30,link,True
resumen presupuesto participativo marzo 2011,resumen presupuesto participativo marzo 2011,4/20/2023 20:16,https://adn.gob.do/transparencia/download/784/mas-documentos/4583/resumen-presupuesto-participativo-marzo-2011.pdf,Alcaldía del distrito Nacional,4/20/2023 20:07,17,30,link,True
resumen ejecucion obras 2011 - c3,resumen ejecucion obras 2011 - c3,4/20/2023 20:18,https://adn.gob.do/transparencia/download/784/mas-documentos/4581/resumen-ejecucion-obras-2011-c3.pdf,Alcaldía del distrito Nacional,4/20/2023 20:07,17,32,link,True
resumen ejecucion obras 2011 - c2,resumen ejecucion obras 2011 - c2,4/20/2023 20:18,https://adn.gob.do/transparencia/download/784/mas-documentos/4579/resumen-ejecucion-obras-2011-c2.pdf,Alcaldía del distrito Nacional,4/20/2023 20:07,17,32,link,True
resumen ejecucion obras 2011 - c1,resumen ejecucion obras 2011 - c1,4/20/2023 20:19,https://adn.gob.do/transparencia/download/784/mas-documentos/4577/resumen-ejecucion-obras-2011-c1.pdf,Alcaldía del distrito Nacional,4/20/2023 20:07,17,32,link,True
resolucion y reglamento de presupuesto participativo,resolucion y reglamento de presupuesto participativo,4/20/2023 20:07,https://adn.gob.do/transparencia/download/784/mas-documentos/4580/resolucion-y-reglamento-de-presupuesto-participativo.pdf,Alcaldía del distrito Nacional,4/20/2023 20:07,17,13,link,True
programacion presupuesto participativo,programacion presupuesto participativo,4/20/2023 20:20,https://adn.gob.do/transparencia/download/784/mas-documentos/4582/programacion-presupuesto-participativo.pdf,Alcaldía del distrito Nacional,4/20/2023 20:07,17,13,link,True
ley_no_170-07 de presupuesto participativo,ley_no_170-07 de presupuesto participativo,4/20/2023 20:07,https://adn.gob.do/transparencia/download/784/mas-documentos/4578/ley_no_170-07-de-presupuesto-participativo.pdf,Alcaldía del distrito Nacional,4/20/2023 20:07,17,13,link,True
informe obras presupuesto participativo,informe obras presupuesto participativo,4/20/2023 20:07,https://adn.gob.do/transparencia/download/784/mas-documentos/4588/informe-obras-presupuesto-participativo.pdf,Alcaldía del distrito Nacional,4/20/2023 20:07,17,13,link,True
dirigentes comunitarios circunscripciones 123,dirigentes comunitarios circunscripciones 123,4/20/2023 20:15,https://adn.gob.do/transparencia/download/784/mas-documentos/4586/dirigentes-comunitarios-circunscripciones-123.pdf,Alcaldía del distrito Nacional,4/20/2023 20:07,17,13,link,True
asambleas barriales presupuesto participativo,asambleas barriales presupuesto participativo,4/20/2023 20:15,https://adn.gob.do/transparencia/download/784/mas-documentos/4587/asambleas-barriales-presupuesto-participativo.pdf,Alcaldía del distrito Nacional,4/20/2023 20:07,17,29,link,True
